yyyy,mm,day,HH,MM,zm,d,z0,u_mean,L,sigma_v,u_star,wind_dir
2019,5,24,3,26,35.4081,8.399999999999999,-999,1.2365937124911677,2.111397875807435,0.5696715511252133,0.023815007883542266,290.7595112468759
2019,5,24,3,27,35.4081,8.399999999999999,-999,1.2365937124911677,1.8372542837722492,0.5696715511252133,0.023630355657867592,288.026936961955
2019,5,24,3,28,35.4081,8.399999999999999,-999,1.2365937124911677,1.7491915123048618,0.5696715511252133,0.023445703432192915,285.29436267703414
2019,5,24,3,29,35.4081,8.399999999999999,-999,1.2365937124911677,1.6175654272091213,0.5696715511252133,0.023261051206518234,282.5617883921133
2019,5,24,3,30,35.4081,8.399999999999999,-999,1.2365937124911677,1.9285260782270803,0.5696715511252133,0.023076398980843564,279.82921410719246
2019,5,24,3,31,35.4081,8.399999999999999,-999,1.2365937124911677,2.1525878462627266,0.5696715511252133,0.02289174675516889,277.0966398222716
2019,5,24,3,32,35.4081,8.399999999999999,-999,1.2365937124911677,2.4329515172191956,0.5696715511252133,0.022707094529494213,274.3640655373507
2019,5,24,3,33,35.4081,8.399999999999999,-999,1.2365937124911677,2.2463680160787565,0.5696715511252133,0.02252244230381953,271.6314912524299
2019,5,24,3,34,35.4081,8.399999999999999,-999,1.2365937124911677,2.179135498253711,0.5696715511252133,0.02233779007814485,268.898916967509
2019,5,24,3,35,35.4081,8.399999999999999,-999,1.2365937124911677,1.862054475564068,0.5696715511252133,0.022153137852470178,266.16634268258815
2019,5,24,3,36,35.4081,8.399999999999999,-999,1.2365937124911677,1.5844566753480014,0.5696715511252133,0.021968485626795507,263.43376839766734
2019,5,24,3,37,35.4081,8.399999999999999,-999,1.2365937124911677,1.4727345220596304,0.5696715511252133,0.021783833401120827,260.70119411274646
2019,5,24,3,38,35.4081,8.399999999999999,-999,1.2365937124911677,2.039243159749768,0.5696715511252133,0.021599181175446156,257.9686198278256
2019,5,24,3,39,35.4081,8.399999999999999,-999,1.2365937124911677,1.8144483557532418,0.5696715511252133,0.021414528949771475,255.23604554290475
2019,5,24,3,40,35.4081,8.399999999999999,-999,1.2365937124911677,1.9720240969087353,0.5696715511252133,0.021229876724096798,252.5034712579839
2019,5,24,3,41,35.4081,8.399999999999999,-999,1.2365937124911677,1.7889795168841733,0.5696715511252133,0.02104522449842212,249.77089697306303
2019,5,24,3,42,35.4081,8.399999999999999,-999,1.2365937124911677,1.66681958675987,0.5696715511252133,0.020860572272747447,247.0383226881422
2019,5,24,3,43,35.4081,8.399999999999999,-999,1.2365937124911677,1.6994103691875293,0.5696715511252133,0.020675920047072773,244.30574840322134
2019,5,24,3,44,35.4081,8.399999999999999,-999,1.2365937124911677,1.6759289673418776,0.5696715511252133,0.020491267821398096,241.57317411830047
2019,5,24,3,45,35.4081,8.399999999999999,-999,1.2365937124911677,1.2827258308259906,0.5696715511252133,0.020306615595723415,238.8405998333796
2019,5,24,3,46,35.4081,8.399999999999999,-999,1.2365937124911677,1.262478828653098,0.5696715511252133,0.02012196337004874,236.10802554845876
2019,5,24,3,47,35.4081,8.399999999999999,-999,1.2365937124911677,1.1175562640037715,0.5696715511252133,0.019937311144374067,233.3754512635379
2019,5,24,3,48,35.4081,8.399999999999999,-999,1.2365937124911677,1.20019076728677,0.5696715511252133,0.01975265891869939,230.64287697861704
2019,5,24,3,49,35.4081,8.399999999999999,-999,1.2365937124911677,1.3173829690347456,0.5696715511252133,0.019568006693024716,227.9103026936962
2019,5,24,3,50,35.4081,8.399999999999999,-999,1.2365937124911677,1.1810607891062117,0.5696715511252133,0.01938335446735004,225.17772840877535
2019,5,24,3,51,35.4081,8.399999999999999,-999,1.2365937124911677,1.059086994548075,0.5696715511252133,0.019198702241675362,222.44515412385448
2019,5,24,3,52,35.4081,8.399999999999999,-999,1.2365937124911677,0.972492764485875,0.5696715511252133,0.019014050016000685,219.71257983893364
2019,5,24,3,53,35.4081,8.399999999999999,-999,1.2365937124911677,0.906519655424715,0.5696715511252133,0.01882939779032601,216.9800055540128
2019,5,24,3,54,35.4081,8.399999999999999,-999,1.2365937124911677,0.9234472087937529,0.5696715511252133,0.018644745564651337,214.24743126909192
2019,5,24,3,55,35.4081,8.399999999999999,-999,1.2365937124911677,0.8630391779132832,0.5696715511252133,0.01846009333897666,211.51485698417105
2019,5,24,3,56,35.4081,8.399999999999999,-999,1.2365937124911677,0.9513828703858569,0.5696715511252133,0.018275441113301982,208.7822826992502
2019,5,24,3,57,35.4081,8.399999999999999,-999,1.2365937124911677,1.0280433888434832,0.5696715511252133,0.018090788887627305,206.04970841432936
2019,5,24,3,57,35.4081,8.399999999999999,-999,1.2365937124911677,-0.708211418781057,0.5696715511252133,0.0301975807919279,206.04970841432936
2019,5,24,3,58,35.4081,8.399999999999999,-999,1.2365937124911677,-0.774933593972112,0.5696715511252133,0.0298893548467877,203.3171341294085
2019,5,24,3,59,35.4081,8.399999999999999,-999,1.2365937124911677,-0.731632375376584,0.5696715511252133,0.0295811289016476,200.58455984448764
2019,5,24,4,0,35.4081,8.399999999999999,-999,1.2365937124911677,-0.811268384467536,0.5696715511252133,0.0292729029565074,197.8519855595668
2019,5,24,4,1,35.4081,8.399999999999999,-999,1.2365937124911677,-0.843049621955748,0.5696715511252133,0.0289646770113672,195.11941127464593
2019,5,24,4,2,35.4081,8.399999999999999,-999,1.2365937124911677,-0.800779276833669,0.5696715511252133,0.028656451066227,192.38683698972508
2019,5,24,4,3,35.4081,8.399999999999999,-999,1.2365937124911677,-0.538750759578116,0.5696715511252133,0.0283482251210869,189.6542627048042
2019,5,24,4,4,35.4081,8.399999999999999,-999,1.2365937124911677,-0.546646704459928,0.5696715511252133,0.0280399991759467,186.92168841988337
2019,5,24,4,5,35.4081,8.399999999999999,-999,1.2365937124911677,-0.513053676211057,0.5696715511252133,0.0277317732308065,184.18911413496252
2019,5,24,4,6,35.4081,8.399999999999999,-999,1.2365937124911677,-0.442238601159647,0.5696715511252133,0.0274235472856663,181.45653985004165
2019,5,24,4,7,35.4081,8.399999999999999,-999,1.2365937124911677,-0.588658629674963,0.5696715511252133,0.0271153213405261,178.7239655651208
2019,5,24,4,8,35.4081,8.399999999999999,-999,1.2365937124911677,-0.586297839688467,0.5696715511252133,0.026807095395386,175.99139128019993
2019,5,24,4,9,35.4081,8.399999999999999,-999,1.2365937124911677,-0.693163263068721,0.5696715511252133,0.0264988694502458,173.2588169952791
2019,5,24,4,10,35.4081,8.399999999999999,-999,1.2365937124911677,-0.668915350705502,0.5696715511252133,0.0261906435051056,170.52624271035825
2019,5,24,4,11,35.4081,8.399999999999999,-999,1.2365937124911677,-0.609670529852231,0.5696715511252133,0.0258824175599654,167.79366842543737
2019,5,24,4,12,35.4081,8.399999999999999,-999,1.2365937124911677,-0.674000611454962,0.5696715511252133,0.0255741916148253,165.06109414051653
2019,5,24,4,13,35.4081,8.399999999999999,-999,1.2365937124911677,-0.566720064360955,0.5696715511252133,0.0252659656696851,162.32851985559566
2019,5,24,4,14,35.4081,8.399999999999999,-999,1.2365937124911677,-0.48654624550626,0.5696715511252133,0.0249577397245449,159.59594557067481
2019,5,24,4,15,35.4081,8.399999999999999,-999,1.2365937124911677,-0.443563741497409,0.5696715511252133,0.024885943091033,157.08669074742986
2019,5,24,4,16,35.4081,8.399999999999999,-999,1.2365937124911677,-0.70958314610544,0.5696715511252133,0.0293063033784592,158.8205056960267
2019,5,24,4,17,35.4081,8.399999999999999,-999,1.2365937124911677,-1.12271115369379,0.5696715511252133,0.0337266636658854,160.55432064462352
2019,5,24,4,18,35.4081,8.399999999999999,-999,1.2365937124911677,-1.39073267231166,0.5696715511252133,0.0381470239533116,162.28813559322035
2019,5,24,4,19,35.4081,8.399999999999999,-999,1.2365937124911677,-1.33346202749051,0.5696715511252133,0.0425673842407378,164.02195054181718
2019,5,24,4,20,35.4081,8.399999999999999,-999,1.2365937124911677,-1.80657404410701,0.5696715511252133,0.0469877445281639,165.755765490414
2019,5,24,4,21,35.4081,8.399999999999999,-999,1.2365937124911677,-2.04329686806582,0.5696715511252133,0.0514081048155901,167.48958043901084
2019,5,24,4,22,35.4081,8.399999999999999,-999,1.2365937124911677,-2.59154761391191,0.5696715511252133,0.0558284651030163,169.22339538760767
2019,5,24,4,23,35.4081,8.399999999999999,-999,1.2365937124911677,-2.552475385567,0.5696715511252133,0.0602488253904425,170.9572103362045
2019,5,24,4,24,35.4081,8.399999999999999,-999,1.2365937124911677,-3.61244213488869,0.5696715511252133,0.0646691856778687,172.69102528480133
2019,5,24,4,25,35.4081,8.399999999999999,-999,1.2365937124911677,-5.22262334733407,0.5696715511252133,0.0690895459652948,174.42484023339816
2019,5,24,4,26,35.4081,8.399999999999999,-999,1.2365937124911677,-4.75425581502963,0.5696715511252133,0.073509906252721,176.158655181995
2019,5,24,4,27,35.4081,8.399999999999999,-999,1.2365937124911677,-6.52121633620611,0.5696715511252133,0.0779302665401472,177.89247013059185
2019,5,24,4,28,35.4081,8.399999999999999,-999,1.2365937124911677,-7.87962647214443,0.5696715511252133,0.0823506268275734,179.62628507918868
2019,5,24,4,29,35.4081,8.399999999999999,-999,1.2365937124911677,-7.72537070041171,0.5696715511252133,0.0867709871149995,181.3601000277855
2019,5,24,4,30,35.4081,8.399999999999999,-999,1.2365937124911677,-7.76130317228293,0.5696715511252133,0.0911913474024257,183.09391497638234
2019,5,24,4,31,35.4081,8.399999999999999,-999,1.2365937124911677,-9.51610272717536,0.5696715511252133,0.0956117076898519,184.82772992497917
2019,5,24,4,32,35.4081,8.399999999999999,-999,1.2365937124911677,-12.8596578777355,0.5696715511252133,0.100032067977278,186.561544873576
2019,5,24,4,33,35.4081,8.399999999999999,-999,1.2365937124911677,-12.5141658186007,0.5696715511252133,0.104452428264704,188.29535982217283
2019,5,24,4,34,35.4081,8.399999999999999,-999,1.2365937124911677,-9.91468963224234,0.5696715511252133,0.10887278855213,190.02917477076966
2019,5,24,4,35,35.4081,8.399999999999999,-999,1.2365937124911677,-14.6162273696771,0.5696715511252133,0.113293148839557,191.7629897193665
2019,5,24,4,36,35.4081,8.399999999999999,-999,1.2365937124911677,-11.4944951982837,0.5696715511252133,0.117713509126983,193.49680466796332
2019,5,24,4,37,35.4081,8.399999999999999,-999,1.2365937124911677,-11.5996020765035,0.5696715511252133,0.122133869414409,195.23061961656015
2019,5,24,4,38,35.4081,8.399999999999999,-999,1.2365937124911677,-15.6609547561218,0.5696715511252133,0.126554229701835,196.96443456515698
2019,5,24,4,39,35.4081,8.399999999999999,-999,1.2365937124911677,-16.5609811010594,0.5696715511252133,0.130974589989261,198.6982495137538
2019,5,24,4,40,35.4081,8.399999999999999,-999,1.2365937124911677,-15.8761833225818,0.5696715511252133,0.135394950276688,200.43206446235064
2019,5,24,4,41,35.4081,8.399999999999999,-999,1.2365937124911677,-17.7619861617184,0.5696715511252133,0.139815310564114,202.16587941094747
2019,5,24,4,42,35.4081,8.399999999999999,-999,1.2365937124911677,-22.0832251191095,0.5696715511252133,0.14423567085154,203.89969435954433
2019,5,24,4,43,35.4081,8.399999999999999,-999,1.2365937124911677,-23.4354401903126,0.5696715511252133,0.148656031138966,205.63350930814116
2019,5,24,4,44,35.4081,8.399999999999999,-999,1.2365937124911677,-23.8140641204762,0.5696715511252133,0.153076391426392,207.367324256738
2019,5,24,4,45,35.4081,8.399999999999999,-999,1.2365937124911677,-25.0543884655444,0.5696715511252133,0.157496751713818,209.10113920533482
2019,5,24,4,46,35.4081,8.399999999999999,-999,1.2365937124911677,-27.5529612304101,0.5696715511252133,0.161917112001245,210.83495415393165
2019,5,24,4,47,35.4081,8.399999999999999,-999,1.2365937124911677,-27.1023858967605,0.5696715511252133,0.166337472288671,212.56876910252848
2019,5,24,4,48,35.4081,8.399999999999999,-999,1.2365937124911677,-23.4521824818488,0.5696715511252133,0.170757832576097,214.3025840511253
2019,5,24,4,49,35.4081,8.399999999999999,-999,1.2365937124911677,-25.3265820322273,0.5696715511252133,0.175178192863523,216.03639899972214
2019,5,24,4,50,35.4081,8.399999999999999,-999,1.2365937124911677,-27.1554701322163,0.5696715511252133,0.179598553150949,217.77021394831897
2019,5,24,4,51,35.4081,8.399999999999999,-999,1.2365937124911677,-30.7818653942201,0.5696715511252133,0.184018913438375,219.5040288969158
2019,5,24,4,52,35.4081,8.399999999999999,-999,1.2365937124911677,-30.0713042313057,0.5696715511252133,0.188439273725802,221.23784384551266
2019,5,24,4,53,35.4081,8.399999999999999,-999,1.2365937124911677,-36.5061922516333,0.5696715511252133,0.192859634013228,222.9716587941095
2019,5,24,4,54,35.4081,8.399999999999999,-999,1.2365937124911677,-33.4295480699228,0.5696715511252133,0.197279994300654,224.70547374270632
2019,5,24,4,55,35.4081,8.399999999999999,-999,1.2365937124911677,-36.7260278208714,0.5696715511252133,0.20170035458808,226.43928869130315
2019,5,24,4,56,35.4081,8.399999999999999,-999,1.2365937124911677,-36.6071950722969,0.5696715511252133,0.206120714875506,228.17310363989998
2019,5,24,4,57,35.4081,8.399999999999999,-999,1.2365937124911677,-31.1080071879931,0.5696715511252133,0.210541075162933,229.9069185884968
2019,5,24,4,58,35.4081,8.399999999999999,-999,1.2365937124911677,-35.4919193646826,0.5696715511252133,0.214961435450359,231.64073353709364
2019,5,24,4,59,35.4081,8.399999999999999,-999,1.2365937124911677,-42.4480142287636,0.5696715511252133,0.219381795737785,233.37454848569047
2019,5,24,5,0,35.4081,8.399999999999999,-999,1.2365937124911677,-42.1052579797944,0.5696715511252133,0.223802156025211,235.1083634342873
2019,5,24,5,1,35.4081,8.399999999999999,-999,1.2365937124911677,-42.2645008422507,0.5696715511252133,0.228222516312637,236.84217838288413
2019,5,24,5,2,35.4081,8.399999999999999,-999,1.2365937124911677,-40.2071162709491,0.5696715511252133,0.232642876600063,238.57599333148096
2019,5,24,5,3,35.4081,8.399999999999999,-999,1.2365937124911677,-43.5846283406895,0.5696715511252133,0.23706323688749,240.3098082800778
2019,5,24,5,4,35.4081,8.399999999999999,-999,1.2365937124911677,-36.8967742385784,0.5696715511252133,0.241483597174916,242.04362322867462
2019,5,24,5,5,35.4081,8.399999999999999,-999,1.2365937124911677,-41.6545752710803,0.5696715511252133,0.245903957462342,243.77743817727145
2019,5,24,5,6,35.4081,8.399999999999999,-999,1.2365937124911677,-38.2530453888149,0.5696715511252133,0.250324317749768,245.51125312586828
2019,5,24,5,7,35.4081,8.399999999999999,-999,1.2365937124911677,-41.808770429329,0.5696715511252133,0.254744678037194,247.2450680744651
2019,5,24,5,8,35.4081,8.399999999999999,-999,1.2365937124911677,-48.8400677489565,0.5696715511252133,0.259165038324621,248.97888302306194
2019,5,24,5,9,35.4081,8.399999999999999,-999,1.2365937124911677,-57.0351469436957,0.5696715511252133,0.263585398612047,250.7126979716588
2019,5,24,5,10,35.4081,8.399999999999999,-999,1.2365937124911677,-50.6006904759221,0.5696715511252133,0.268005758899473,252.44651292025563
2019,5,24,5,11,35.4081,8.399999999999999,-999,1.2365937124911677,-46.9171300986158,0.5696715511252133,0.272426119186899,254.18032786885246
2019,5,24,5,12,35.4081,8.399999999999999,-999,1.2365937124911677,-46.2062296185951,0.5696715511252133,0.276846479474325,255.9141428174493
2019,5,24,5,13,35.4081,8.399999999999999,-999,1.2365937124911677,-52.2787744629743,0.5696715511252133,0.281266839761751,257.64795776604615
2019,5,24,5,14,35.4081,8.399999999999999,-999,1.2365937124911677,-60.5338288269737,0.5696715511252133,0.285687200049178,259.3817727146429
2019,5,24,5,15,35.4081,8.399999999999999,-999,1.2365937124911677,-67.2884805491876,0.5696715511252133,0.289764896748431,260.9955543206446
2019,5,24,5,16,35.4081,8.399999999999999,-999,1.2365937124911677,-62.750263398418,0.5696715511252133,0.289045303213269,260.92886913031396
2019,5,24,5,17,35.4081,8.399999999999999,-999,1.2365937124911677,-72.9130383441708,0.5696715511252133,0.288325709678106,260.8621839399833
2019,5,24,5,18,35.4081,8.399999999999999,-999,1.2365937124911677,-68.1275001665234,0.5696715511252133,0.287606116142944,260.79549874965267
2019,5,24,5,19,35.4081,8.399999999999999,-999,1.2365937124911677,-68.0421535054401,0.5696715511252133,0.286886522607782,260.728813559322
2019,5,24,5,20,35.4081,8.399999999999999,-999,1.2365937124911677,-63.6156125651618,0.5696715511252133,0.286166929072619,260.6621283689914
2019,5,24,5,21,35.4081,8.399999999999999,-999,1.2365937124911677,-45.5400372016793,0.5696715511252133,0.285447335537457,260.59544317866073
2019,5,24,5,22,35.4081,8.399999999999999,-999,1.2365937124911677,-59.435311350595,0.5696715511252133,0.284727742002294,260.5287579883301
2019,5,24,5,23,35.4081,8.399999999999999,-999,1.2365937124911677,-57.7156481865756,0.5696715511252133,0.284008148467132,260.46207279799944
2019,5,24,5,24,35.4081,8.399999999999999,-999,1.2365937124911677,-45.8535875952619,0.5696715511252133,0.28328855493197,260.3953876076688
2019,5,24,5,25,35.4081,8.399999999999999,-999,1.2365937124911677,-61.6438815453671,0.5696715511252133,0.282568961396807,260.32870241733815
2019,5,24,5,26,35.4081,8.399999999999999,-999,1.2365937124911677,-42.4704514567757,0.5696715511252133,0.281849367861645,260.2620172270075
2019,5,24,5,27,35.4081,8.399999999999999,-999,1.2365937124911677,-56.2894275181502,0.5696715511252133,0.281129774326482,260.19533203667686
2019,5,24,5,28,35.4081,8.399999999999999,-999,1.2365937124911677,-56.9055454595973,0.5696715511252133,0.28041018079132,260.1286468463462
2019,5,24,5,29,35.4081,8.399999999999999,-999,1.2365937124911677,-60.8565429749437,0.5696715511252133,0.279690587256158,260.06196165601557
2019,5,24,5,30,35.4081,8.399999999999999,-999,1.2365937124911677,-47.9451629903359,0.5696715511252133,0.278970993720995,259.9952764656849
2019,5,24,5,31,35.4081,8.399999999999999,-999,1.2365937124911677,-52.2750313185442,0.5696715511252133,0.278251400185833,259.9285912753543
2019,5,24,5,32,35.4081,8.399999999999999,-999,1.2365937124911677,-49.4430816730377,0.5696715511252133,0.27753180665067,259.86190608502363
2019,5,24,5,33,35.4081,8.399999999999999,-999,1.2365937124911677,-46.654020531662,0.5696715511252133,0.276812213115508,259.795220894693
2019,5,24,5,34,35.4081,8.399999999999999,-999,1.2365937124911677,-42.2321166948625,0.5696715511252133,0.276092619580346,259.72853570436234
2019,5,24,5,35,35.4081,8.399999999999999,-999,1.2365937124911677,-46.2354490065253,0.5696715511252133,0.275373026045183,259.6618505140317
2019,5,24,5,36,35.4081,8.399999999999999,-999,1.2365937124911677,-48.3684114627818,0.5696715511252133,0.274653432510021,259.59516532370105
2019,5,24,5,37,35.4081,8.399999999999999,-999,1.2365937124911677,-49.6762738100966,0.5696715511252133,0.273933838974858,259.5284801333704
2019,5,24,5,38,35.4081,8.399999999999999,-999,1.2365937124911677,-45.2500341712782,0.5696715511252133,0.273214245439696,259.4617949430397
2019,5,24,5,39,35.4081,8.399999999999999,-999,1.2365937124911677,-54.4267936047246,0.5696715511252133,0.272494651904534,259.39510975270906
2019,5,24,5,40,35.4081,8.399999999999999,-999,1.2365937124911677,-39.5494208162976,0.5696715511252133,0.271775058369371,259.3284245623784
2019,5,24,5,41,35.4081,8.399999999999999,-999,1.2365937124911677,-40.1853521521956,0.5696715511252133,0.271055464834209,259.26173937204777
2019,5,24,5,42,35.4081,8.399999999999999,-999,1.2365937124911677,-49.1472425201806,0.5696715511252133,0.270335871299046,259.1950541817171
2019,5,24,5,43,35.4081,8.399999999999999,-999,1.2365937124911677,-40.0445079876624,0.5696715511252133,0.269616277763884,259.1283689913865
2019,5,24,5,44,35.4081,8.399999999999999,-999,1.2365937124911677,-35.4818500942788,0.5696715511252133,0.268896684228722,259.06168380105584
2019,5,24,5,45,35.4081,8.399999999999999,-999,1.2365937124911677,-44.1649746360781,0.5696715511252133,0.268177090693559,258.9949986107252
2019,5,24,5,46,35.4081,8.399999999999999,-999,1.2365937124911677,-40.3114738480342,0.5696715511252133,0.267457497158397,258.92831342039455
2019,5,24,5,47,35.4081,8.399999999999999,-999,1.2365937124911677,-40.2655267239708,0.5696715511252133,0.266737903623234,258.8616282300639
2019,5,24,5,48,35.4081,8.399999999999999,-999,1.2365937124911677,-39.7030329182797,0.5696715511252133,0.266018310088072,258.79494303973325
2019,5,24,5,49,35.4081,8.399999999999999,-999,1.2365937124911677,-38.9130411650018,0.5696715511252133,0.26529871655291,258.7282578494026
2019,5,24,5,50,35.4081,8.399999999999999,-999,1.2365937124911677,-45.0320480299815,0.5696715511252133,0.264579123017747,258.66157265907196
2019,5,24,5,51,35.4081,8.399999999999999,-999,1.2365937124911677,-36.7350186462562,0.5696715511252133,0.263859529482585,258.5948874687413
2019,5,24,5,52,35.4081,8.399999999999999,-999,1.2365937124911677,-40.5257126923294,0.5696715511252133,0.263139935947422,258.5282022784107
2019,5,24,5,53,35.4081,8.399999999999999,-999,1.2365937124911677,-41.2635882367867,0.5696715511252133,0.26242034241226,258.46151708808003
2019,5,24,5,54,35.4081,8.399999999999999,-999,1.2365937124911677,-36.2035010892662,0.5696715511252133,0.261700748877098,258.3948318977494
2019,5,24,5,55,35.4081,8.399999999999999,-999,1.2365937124911677,-40.2277059975406,0.5696715511252133,0.260981155341935,258.32814670741874
2019,5,24,5,56,35.4081,8.399999999999999,-999,1.2365937124911677,-40.9006010509934,0.5696715511252133,0.260261561806773,258.2614615170881
2019,5,24,5,57,35.4081,8.399999999999999,-999,1.2365937124911677,-39.6977594168161,0.5696715511252133,0.25954196827161,258.19477632675745
2019,5,24,5,58,35.4081,8.399999999999999,-999,1.2365937124911677,-35.6596149523052,0.5696715511252133,0.258822374736448,258.1280911364268
2019,5,24,5,59,35.4081,8.399999999999999,-999,1.2365937124911677,-35.7715067269499,0.5696715511252133,0.258102781201286,258.06140594609616
2019,5,24,6,0,35.4081,8.399999999999999,-999,1.2365937124911677,-37.8624046432843,0.5696715511252133,0.257383187666123,257.9947207557655
2019,5,24,6,1,35.4081,8.399999999999999,-999,1.2365937124911677,-32.804916470317,0.5696715511252133,0.256663594130961,257.92803556543487
2019,5,24,6,2,35.4081,8.399999999999999,-999,1.2365937124911677,-37.5938619336409,0.5696715511252133,0.255944000595798,257.8613503751042
2019,5,24,6,3,35.4081,8.399999999999999,-999,1.2365937124911677,-29.7470753697871,0.5696715511252133,0.255224407060636,257.7946651847735
2019,5,24,6,4,35.4081,8.399999999999999,-999,1.2365937124911677,-32.7544617344002,0.5696715511252133,0.254504813525474,257.7279799944429
2019,5,24,6,5,35.4081,8.399999999999999,-999,1.2365937124911677,-34.5614237635217,0.5696715511252133,0.253785219990311,257.66129480411223
2019,5,24,6,6,35.4081,8.399999999999999,-999,1.2365937124911677,-33.5539153260207,0.5696715511252133,0.253065626455149,257.5946096137816
2019,5,24,6,7,35.4081,8.399999999999999,-999,1.2365937124911677,-32.1944205829684,0.5696715511252133,0.252346032919986,257.52792442345094
2019,5,24,6,8,35.4081,8.399999999999999,-999,1.2365937124911677,-31.4448265284937,0.5696715511252133,0.251626439384824,257.4612392331203
2019,5,24,6,9,35.4081,8.399999999999999,-999,1.2365937124911677,-33.8765782993814,0.5696715511252133,0.250906845849662,257.39455404278965
2019,5,24,6,10,35.4081,8.399999999999999,-999,1.2365937124911677,-26.7132143421763,0.5696715511252133,0.250187252314499,257.327868852459
2019,5,24,6,11,35.4081,8.399999999999999,-999,1.2365937124911677,-31.6874392019297,0.5696715511252133,0.249467658779337,257.26118366212836
2019,5,24,6,12,35.4081,8.399999999999999,-999,1.2365937124911677,-27.7831479990935,0.5696715511252133,0.248748065244174,257.1944984717977
2019,5,24,6,13,35.4081,8.399999999999999,-999,1.2365937124911677,-31.4101357244186,0.5696715511252133,0.248028471709012,257.12781328146707
2019,5,24,6,14,35.4081,8.399999999999999,-999,1.2365937124911677,-29.1974806962541,0.5696715511252133,0.24730887817385,257.0611280911364
2019,5,24,6,15,35.4081,8.399999999999999,-999,1.2365937124911677,-33.0950833966406,0.5696715511252133,0.246520823289476,257.0263815606776
2019,5,24,6,16,35.4081,8.399999999999999,-999,1.2365937124911677,-27.9357648205729,0.5696715511252133,0.244979693563775,257.3429602888087
2019,5,24,6,17,35.4081,8.399999999999999,-999,1.2365937124911677,-25.0759037312845,0.5696715511252133,0.243438563838074,257.65953901693973
2019,5,24,6,18,35.4081,8.399999999999999,-999,1.2365937124911677,-31.5486864433547,0.5696715511252133,0.241897434112373,257.97611774507084
2019,5,24,6,19,35.4081,8.399999999999999,-999,1.2365937124911677,-24.4423373609582,0.5696715511252133,0.240356304386672,258.2926964732019
2019,5,24,6,20,35.4081,8.399999999999999,-999,1.2365937124911677,-25.7073680420084,0.5696715511252133,0.238815174660971,258.60927520133293
2019,5,24,6,21,35.4081,8.399999999999999,-999,1.2365937124911677,-25.2366005487314,0.5696715511252133,0.23727404493527,258.92585392946404
2019,5,24,6,22,35.4081,8.399999999999999,-999,1.2365937124911677,-28.5509001701321,0.5696715511252133,0.235732915209569,259.2424326575951
2019,5,24,6,23,35.4081,8.399999999999999,-999,1.2365937124911677,-26.7726862867776,0.5696715511252133,0.234191785483868,259.5590113857262
2019,5,24,6,24,35.4081,8.399999999999999,-999,1.2365937124911677,-24.4052589375263,0.5696715511252133,0.232650655758168,259.87559011385724
2019,5,24,6,25,35.4081,8.399999999999999,-999,1.2365937124911677,-26.3710592358249,0.5696715511252133,0.231109526032467,260.19216884198835
2019,5,24,6,26,35.4081,8.399999999999999,-999,1.2365937124911677,-21.7345880960072,0.5696715511252133,0.229568396306766,260.5087475701194
2019,5,24,6,27,35.4081,8.399999999999999,-999,1.2365937124911677,-20.6818921913739,0.5696715511252133,0.228027266581065,260.8253262982505
2019,5,24,6,28,35.4081,8.399999999999999,-999,1.2365937124911677,-24.4547134671118,0.5696715511252133,0.226486136855364,261.14190502638155
2019,5,24,6,29,35.4081,8.399999999999999,-999,1.2365937124911677,-25.2253289993813,0.5696715511252133,0.224945007129663,261.45848375451266
2019,5,24,6,30,35.4081,8.399999999999999,-999,1.2365937124911677,-20.7674125688211,0.5696715511252133,0.223403877403962,261.7750624826437
2019,5,24,6,31,35.4081,8.399999999999999,-999,1.2365937124911677,-24.1880216097908,0.5696715511252133,0.221862747678261,262.0916412107748
2019,5,24,6,32,35.4081,8.399999999999999,-999,1.2365937124911677,-16.0927990221,0.5696715511252133,0.220321617952561,262.40821993890586
2019,5,24,6,33,35.4081,8.399999999999999,-999,1.2365937124911677,-21.7878196856318,0.5696715511252133,0.21878048822686,262.7247986670369
2019,5,24,6,34,35.4081,8.399999999999999,-999,1.2365937124911677,-21.3591249324337,0.5696715511252133,0.217239358501159,263.041377395168
2019,5,24,6,35,35.4081,8.399999999999999,-999,1.2365937124911677,-21.8823614766667,0.5696715511252133,0.215698228775458,263.35795612329906
2019,5,24,6,36,35.4081,8.399999999999999,-999,1.2365937124911677,-18.6512150228018,0.5696715511252133,0.214157099049757,263.67453485143017
2019,5,24,6,37,35.4081,8.399999999999999,-999,1.2365937124911677,-22.3953087504848,0.5696715511252133,0.212615969324056,263.9911135795612
2019,5,24,6,38,35.4081,8.399999999999999,-999,1.2365937124911677,-21.4323159901945,0.5696715511252133,0.211074839598355,264.3076923076923
2019,5,24,6,39,35.4081,8.399999999999999,-999,1.2365937124911677,-17.0028441279311,0.5696715511252133,0.209533709872654,264.62427103582337
2019,5,24,6,40,35.4081,8.399999999999999,-999,1.2365937124911677,-18.2178203927493,0.5696715511252133,0.207992580146953,264.9408497639545
2019,5,24,6,41,35.4081,8.399999999999999,-999,1.2365937124911677,-17.4365667430973,0.5696715511252133,0.206451450421253,265.2574284920855
2019,5,24,6,42,35.4081,8.399999999999999,-999,1.2365937124911677,-17.4503470403883,0.5696715511252133,0.204910320695552,265.57400722021663
2019,5,24,6,43,35.4081,8.399999999999999,-999,1.2365937124911677,-18.6820937896834,0.5696715511252133,0.203369190969851,265.8905859483477
2019,5,24,6,44,35.4081,8.399999999999999,-999,1.2365937124911677,-17.4490656357074,0.5696715511252133,0.20182806124415,266.2071646764788
2019,5,24,6,45,35.4081,8.399999999999999,-999,1.2365937124911677,-15.9629844242927,0.5696715511252133,0.200286931518449,266.52374340460983
2019,5,24,6,46,35.4081,8.399999999999999,-999,1.2365937124911677,-14.153728169769,0.5696715511252133,0.198745801792748,266.8403221327409
2019,5,24,6,47,35.4081,8.399999999999999,-999,1.2365937124911677,-18.2574931074885,0.5696715511252133,0.197204672067047,267.156900860872
2019,5,24,6,48,35.4081,8.399999999999999,-999,1.2365937124911677,-16.751776870298,0.5696715511252133,0.195663542341346,267.47347958900303
2019,5,24,6,49,35.4081,8.399999999999999,-999,1.2365937124911677,-13.7392589072569,0.5696715511252133,0.194122412615646,267.79005831713414
2019,5,24,6,50,35.4081,8.399999999999999,-999,1.2365937124911677,-15.4776570890681,0.5696715511252133,0.192581282889945,268.1066370452652
2019,5,24,6,51,35.4081,8.399999999999999,-999,1.2365937124911677,-15.3025779663038,0.5696715511252133,0.191040153164244,268.4232157733963
2019,5,24,6,52,35.4081,8.399999999999999,-999,1.2365937124911677,-17.0299945594032,0.5696715511252133,0.189499023438543,268.73979450152734
2019,5,24,6,53,35.4081,8.399999999999999,-999,1.2365937124911677,-15.0696840807368,0.5696715511252133,0.187957893712842,269.05637322965845
2019,5,24,6,54,35.4081,8.399999999999999,-999,1.2365937124911677,-18.4337773074171,0.5696715511252133,0.186416763987141,269.3729519577895
2019,5,24,6,55,35.4081,8.399999999999999,-999,1.2365937124911677,-17.6804893320045,0.5696715511252133,0.18487563426144,269.6895306859206
2019,5,24,6,56,35.4081,8.399999999999999,-999,1.2365937124911677,-12.1866675797452,0.5696715511252133,0.183334504535739,270.00610941405165
2019,5,24,6,57,35.4081,8.399999999999999,-999,1.2365937124911677,-14.6705261972472,0.5696715511252133,0.181793374810038,270.32268814218276
2019,5,24,6,58,35.4081,8.399999999999999,-999,1.2365937124911677,-13.069825068194,0.5696715511252133,0.180252245084337,270.6392668703138
2019,5,24,6,59,35.4081,8.399999999999999,-999,1.2365937124911677,-15.0299972865105,0.5696715511252133,0.178711115358637,270.95584559844485
2019,5,24,7,0,35.4081,8.399999999999999,-999,1.2365937124911677,-11.6795986820229,0.5696715511252133,0.177169985632936,271.27242432657596
2019,5,24,7,1,35.4081,8.399999999999999,-999,1.2365937124911677,-11.1977941965465,0.5696715511252133,0.175628855907235,271.589003054707
2019,5,24,7,2,35.4081,8.399999999999999,-999,1.2365937124911677,-9.93787259964177,0.5696715511252133,0.174087726181534,271.9055817828381
2019,5,24,7,3,35.4081,8.399999999999999,-999,1.2365937124911677,-11.4304439666219,0.5696715511252133,0.172546596455833,272.22216051096916
2019,5,24,7,4,35.4081,8.399999999999999,-999,1.2365937124911677,-11.3207154107328,0.5696715511252133,0.171005466730132,272.53873923910027
2019,5,24,7,5,35.4081,8.399999999999999,-999,1.2365937124911677,-8.21638492489463,0.5696715511252133,0.169464337004431,272.8553179672313
2019,5,24,7,6,35.4081,8.399999999999999,-999,1.2365937124911677,-12.0690551452298,0.5696715511252133,0.16792320727873,273.1718966953624
2019,5,24,7,7,35.4081,8.399999999999999,-999,1.2365937124911677,-9.90860114900481,0.5696715511252133,0.16638207755303,273.48847542349347
2019,5,24,7,8,35.4081,8.399999999999999,-999,1.2365937124911677,-11.2866666287101,0.5696715511252133,0.164840947827329,273.8050541516246
2019,5,24,7,9,35.4081,8.399999999999999,-999,1.2365937124911677,-10.8971434253225,0.5696715511252133,0.163299818101628,274.1216328797556
2019,5,24,7,10,35.4081,8.399999999999999,-999,1.2365937124911677,-9.31122473689655,0.5696715511252133,0.161758688375927,274.43821160788667
2019,5,24,7,11,35.4081,8.399999999999999,-999,1.2365937124911677,-10.308591455941,0.5696715511252133,0.160217558650226,274.7547903360178
2019,5,24,7,12,35.4081,8.399999999999999,-999,1.2365937124911677,-9.04535489491832,0.5696715511252133,0.158676428924525,275.0713690641488
2019,5,24,7,13,35.4081,8.399999999999999,-999,1.2365937124911677,-9.6307089283388,0.5696715511252133,0.157135299198824,275.38794779227993
2019,5,24,7,14,35.4081,8.399999999999999,-999,1.2365937124911677,-10.1308831930939,0.5696715511252133,0.155594169473123,275.704526520411
2019,5,24,7,15,35.4081,8.399999999999999,-999,1.2365937124911677,-8.66314261182108,0.5696715511252133,0.154203767964694,275.9722067815453
2019,5,24,7,16,35.4081,8.399999999999999,-999,1.2365937124911677,-8.78388219667767,0.5696715511252133,0.154923561498059,275.55530850472485
2019,5,24,7,17,35.4081,8.399999999999999,-999,1.2365937124911677,-7.42138565873287,0.5696715511252133,0.155643355031425,275.1384102279044
2019,5,24,7,18,35.4081,8.399999999999999,-999,1.2365937124911677,-8.77317023360239,0.5696715511252133,0.15636314856479,274.7215119510839
2019,5,24,7,19,35.4081,8.399999999999999,-999,1.2365937124911677,-12.3402766273905,0.5696715511252133,0.157082942098156,274.30461367426346
2019,5,24,7,20,35.4081,8.399999999999999,-999,1.2365937124911677,-10.0447647455305,0.5696715511252133,0.157802735631522,273.887715397443
2019,5,24,7,21,35.4081,8.399999999999999,-999,1.2365937124911677,-8.83298651001244,0.5696715511252133,0.158522529164887,273.47081712062254
2019,5,24,7,22,35.4081,8.399999999999999,-999,1.2365937124911677,-9.2677509271531,0.5696715511252133,0.159242322698253,273.05391884380214
2019,5,24,7,23,35.4081,8.399999999999999,-999,1.2365937124911677,-8.07440937835578,0.5696715511252133,0.159962116231618,272.6370205669817
2019,5,24,7,24,35.4081,8.399999999999999,-999,1.2365937124911677,-7.97597282732827,0.5696715511252133,0.160681909764984,272.2201222901612
2019,5,24,7,25,35.4081,8.399999999999999,-999,1.2365937124911677,-8.15642088515686,0.5696715511252133,0.16140170329835,271.80322401334075
2019,5,24,7,26,35.4081,8.399999999999999,-999,1.2365937124911677,-8.91203618389038,0.5696715511252133,0.162121496831715,271.3863257365203
2019,5,24,7,27,35.4081,8.399999999999999,-999,1.2365937124911677,-9.85069926023887,0.5696715511252133,0.162841290365081,270.96942745969983
2019,5,24,7,28,35.4081,8.399999999999999,-999,1.2365937124911677,-8.09075146375373,0.5696715511252133,0.163561083898447,270.55252918287937
2019,5,24,7,29,35.4081,8.399999999999999,-999,1.2365937124911677,-9.71448645870482,0.5696715511252133,0.164280877431812,270.1356309060589
2019,5,24,7,30,35.4081,8.399999999999999,-999,1.2365937124911677,-8.47543064623213,0.5696715511252133,0.165000670965178,269.71873262923845
2019,5,24,7,31,35.4081,8.399999999999999,-999,1.2365937124911677,-11.5557276700028,0.5696715511252133,0.165720464498543,269.301834352418
2019,5,24,7,32,35.4081,8.399999999999999,-999,1.2365937124911677,-10.720108307369,0.5696715511252133,0.166440258031909,268.8849360755976
2019,5,24,7,33,35.4081,8.399999999999999,-999,1.2365937124911677,-8.62786632592826,0.5696715511252133,0.167160051565275,268.4680377987771
2019,5,24,7,34,35.4081,8.399999999999999,-999,1.2365937124911677,-8.99288738538641,0.5696715511252133,0.16787984509864,268.05113952195666
2019,5,24,7,35,35.4081,8.399999999999999,-999,1.2365937124911677,-11.393515177166,0.5696715511252133,0.168599638632006,267.6342412451362
2019,5,24,7,36,35.4081,8.399999999999999,-999,1.2365937124911677,-8.99372780956042,0.5696715511252133,0.169319432165371,267.21734296831573
2019,5,24,7,37,35.4081,8.399999999999999,-999,1.2365937124911677,-10.7655686978011,0.5696715511252133,0.170039225698737,266.8004446914953
2019,5,24,7,38,35.4081,8.399999999999999,-999,1.2365937124911677,-11.1867556555966,0.5696715511252133,0.170759019232103,266.3835464146748
2019,5,24,7,39,35.4081,8.399999999999999,-999,1.2365937124911677,-10.0948180078261,0.5696715511252133,0.171478812765468,265.96664813785435
2019,5,24,7,40,35.4081,8.399999999999999,-999,1.2365937124911677,-8.40524131520985,0.5696715511252133,0.172198606298834,265.5497498610339
2019,5,24,7,41,35.4081,8.399999999999999,-999,1.2365937124911677,-8.99500946521058,0.5696715511252133,0.1729183998322,265.1328515842134
2019,5,24,7,42,35.4081,8.399999999999999,-999,1.2365937124911677,-9.27693007512119,0.5696715511252133,0.173638193365565,264.715953307393
2019,5,24,7,43,35.4081,8.399999999999999,-999,1.2365937124911677,-11.2310626211951,0.5696715511252133,0.174357986898931,264.29905503057256
2019,5,24,7,44,35.4081,8.399999999999999,-999,1.2365937124911677,-9.59415433362376,0.5696715511252133,0.175077780432296,263.8821567537521
2019,5,24,7,45,35.4081,8.399999999999999,-999,1.2365937124911677,-10.7212922545133,0.5696715511252133,0.175797573965662,263.46525847693164
2019,5,24,7,46,35.4081,8.399999999999999,-999,1.2365937124911677,-11.5461347351003,0.5696715511252133,0.176517367499028,263.0483602001112
2019,5,24,7,47,35.4081,8.399999999999999,-999,1.2365937124911677,-12.9130142905937,0.5696715511252133,0.177237161032393,262.6314619232907
2019,5,24,7,48,35.4081,8.399999999999999,-999,1.2365937124911677,-11.4239316204893,0.5696715511252133,0.177956954565759,262.21456364647025
2019,5,24,7,49,35.4081,8.399999999999999,-999,1.2365937124911677,-9.49551544346431,0.5696715511252133,0.178676748099124,261.7976653696498
2019,5,24,7,50,35.4081,8.399999999999999,-999,1.2365937124911677,-10.658374963724,0.5696715511252133,0.17939654163249,261.38076709282933
2019,5,24,7,51,35.4081,8.399999999999999,-999,1.2365937124911677,-9.50779293916463,0.5696715511252133,0.180116335165856,260.96386881600887
2019,5,24,7,52,35.4081,8.399999999999999,-999,1.2365937124911677,-10.0548024579024,0.5696715511252133,0.180836128699221,260.54697053918846
2019,5,24,7,53,35.4081,8.399999999999999,-999,1.2365937124911677,-11.0452360045489,0.5696715511252133,0.181555922232587,260.130072262368
2019,5,24,7,54,35.4081,8.399999999999999,-999,1.2365937124911677,-10.7840214687576,0.5696715511252133,0.182275715765953,259.71317398554754
2019,5,24,7,55,35.4081,8.399999999999999,-999,1.2365937124911677,-11.1572085498149,0.5696715511252133,0.182995509299318,259.2962757087271
2019,5,24,7,56,35.4081,8.399999999999999,-999,1.2365937124911677,-11.3357377325861,0.5696715511252133,0.183715302832684,258.8793774319066
2019,5,24,7,57,35.4081,8.399999999999999,-999,1.2365937124911677,-9.73775599028595,0.5696715511252133,0.184435096366049,258.46247915508616
2019,5,24,7,58,35.4081,8.399999999999999,-999,1.2365937124911677,-8.96030487357068,0.5696715511252133,0.185154889899415,258.0455808782657
2019,5,24,7,59,35.4081,8.399999999999999,-999,1.2365937124911677,-9.65944677593795,0.5696715511252133,0.185874683432781,257.62868260144523
2019,5,24,8,0,35.4081,8.399999999999999,-999,1.2365937124911677,-9.38619530206229,0.5696715511252133,0.186594476966146,257.2117843246248
2019,5,24,8,1,35.4081,8.399999999999999,-999,1.2365937124911677,-10.818493105866,0.5696715511252133,0.187314270499512,256.7948860478043
2019,5,24,8,2,35.4081,8.399999999999999,-999,1.2365937124911677,-14.5301572407533,0.5696715511252133,0.188034064032877,256.37798777098385
2019,5,24,8,3,35.4081,8.399999999999999,-999,1.2365937124911677,-11.2287981970471,0.5696715511252133,0.188753857566243,255.96108949416342
2019,5,24,8,4,35.4081,8.399999999999999,-999,1.2365937124911677,-11.7952795882816,0.5696715511252133,0.189473651099609,255.54419121734296
2019,5,24,8,5,35.4081,8.399999999999999,-999,1.2365937124911677,-10.8222169564639,0.5696715511252133,0.190193444632974,255.12729294052252
2019,5,24,8,6,35.4081,8.399999999999999,-999,1.2365937124911677,-13.8515076063885,0.5696715511252133,0.19091323816634,254.71039466370206
2019,5,24,8,7,35.4081,8.399999999999999,-999,1.2365937124911677,-11.6549406361557,0.5696715511252133,0.191633031699706,254.2934963868816
2019,5,24,8,8,35.4081,8.399999999999999,-999,1.2365937124911677,-10.5621856742165,0.5696715511252133,0.192352825233071,253.87659811006114
2019,5,24,8,9,35.4081,8.399999999999999,-999,1.2365937124911677,-11.6030758927484,0.5696715511252133,0.193072618766437,253.45969983324068
2019,5,24,8,10,35.4081,8.399999999999999,-999,1.2365937124911677,-11.0916609249125,0.5696715511252133,0.193792412299802,253.04280155642024
2019,5,24,8,11,35.4081,8.399999999999999,-999,1.2365937124911677,-10.7124259881003,0.5696715511252133,0.194512205833168,252.62590327959978
2019,5,24,8,12,35.4081,8.399999999999999,-999,1.2365937124911677,-14.5378536468262,0.5696715511252133,0.195231999366534,252.20900500277932
2019,5,24,8,13,35.4081,8.399999999999999,-999,1.2365937124911677,-10.6484848088765,0.5696715511252133,0.195951792899899,251.79210672595886
2019,5,24,8,14,35.4081,8.399999999999999,-999,1.2365937124911677,-13.8385422610468,0.5696715511252133,0.196671586433265,251.3752084491384
2019,5,24,8,15,35.4081,8.399999999999999,-999,1.2365937124911677,-12.4778116994113,0.5696715511252133,0.1982851752414,251.043321299639
2019,5,24,8,16,35.4081,8.399999999999999,-999,1.2365937124911677,-11.9485868354659,0.5696715511252133,0.207942921522459,251.4765342960289
2019,5,24,8,17,35.4081,8.399999999999999,-999,1.2365937124911677,-11.9378082917494,0.5696715511252133,0.217600667803518,251.90974729241879
2019,5,24,8,18,35.4081,8.399999999999999,-999,1.2365937124911677,-11.9872696203587,0.5696715511252133,0.227258414084576,252.34296028880865
2019,5,24,8,19,35.4081,8.399999999999999,-999,1.2365937124911677,-16.3533639875979,0.5696715511252133,0.236916160365635,252.77617328519855
2019,5,24,8,20,35.4081,8.399999999999999,-999,1.2365937124911677,-22.2669488891377,0.5696715511252133,0.246573906646694,253.20938628158845
2019,5,24,8,21,35.4081,8.399999999999999,-999,1.2365937124911677,-28.5104069594627,0.5696715511252133,0.256231652927753,253.64259927797835
2019,5,24,8,22,35.4081,8.399999999999999,-999,1.2365937124911677,-28.7284670626434,0.5696715511252133,0.265889399208812,254.07581227436822
2019,5,24,8,23,35.4081,8.399999999999999,-999,1.2365937124911677,-31.9875933078599,0.5696715511252133,0.275547145489871,254.50902527075812
2019,5,24,8,24,35.4081,8.399999999999999,-999,1.2365937124911677,-25.2347554359401,0.5696715511252133,0.28520489177093,254.942238267148
2019,5,24,8,25,35.4081,8.399999999999999,-999,1.2365937124911677,-21.8382397156485,0.5696715511252133,0.294862638051989,255.3754512635379
2019,5,24,8,26,35.4081,8.399999999999999,-999,1.2365937124911677,-27.4432052114914,0.5696715511252133,0.304520384333047,255.8086642599278
2019,5,24,8,27,35.4081,8.399999999999999,-999,1.2365937124911677,-26.6599960011638,0.5696715511252133,0.314178130614106,256.2418772563177
2019,5,24,8,28,35.4081,8.399999999999999,-999,1.2365937124911677,-31.0322671107929,0.5696715511252133,0.323835876895165,256.6750902527076
2019,5,24,8,29,35.4081,8.399999999999999,-999,1.2365937124911677,-32.9089033447865,0.5696715511252133,0.333493623176224,257.10830324909745
2019,5,24,8,30,35.4081,8.399999999999999,-999,1.2365937124911677,-33.6644761665531,0.5696715511252133,0.343151369457283,257.54151624548734
2019,5,24,8,31,35.4081,8.399999999999999,-999,1.2365937124911677,-32.0212473154834,0.5696715511252133,0.352809115738342,257.97472924187724
2019,5,24,8,32,35.4081,8.399999999999999,-999,1.2365937124911677,-35.4910520458434,0.5696715511252133,0.362466862019401,258.40794223826714
2019,5,24,8,33,35.4081,8.399999999999999,-999,1.2365937124911677,-37.3282683154462,0.5696715511252133,0.37212460830046,258.84115523465704
2019,5,24,8,34,35.4081,8.399999999999999,-999,1.2365937124911677,-31.933648083136,0.5696715511252133,0.381782354581519,259.27436823104694
2019,5,24,8,35,35.4081,8.399999999999999,-999,1.2365937124911677,-32.6272947274262,0.5696715511252133,0.391440100862577,259.70758122743683
2019,5,24,8,36,35.4081,8.399999999999999,-999,1.2365937124911677,-49.5374823346277,0.5696715511252133,0.401097847143636,260.14079422382673
2019,5,24,8,37,35.4081,8.399999999999999,-999,1.2365937124911677,-45.6580949309692,0.5696715511252133,0.410755593424695,260.57400722021663
2019,5,24,8,38,35.4081,8.399999999999999,-999,1.2365937124911677,-37.8625871215422,0.5696715511252133,0.420413339705754,261.00722021660647
2019,5,24,8,39,35.4081,8.399999999999999,-999,1.2365937124911677,-40.8940068603724,0.5696715511252133,0.430071085986813,261.44043321299637
2019,5,24,8,40,35.4081,8.399999999999999,-999,1.2365937124911677,-46.4717988189884,0.5696715511252133,0.439728832267872,261.87364620938627
2019,5,24,8,41,35.4081,8.399999999999999,-999,1.2365937124911677,-62.5252828429557,0.5696715511252133,0.449386578548931,262.30685920577616
2019,5,24,8,42,35.4081,8.399999999999999,-999,1.2365937124911677,-55.8198946883033,0.5696715511252133,0.45904432482999,262.74007220216606
2019,5,24,8,43,35.4081,8.399999999999999,-999,1.2365937124911677,-66.5465163563614,0.5696715511252133,0.468702071111049,263.17328519855596
2019,5,24,8,44,35.4081,8.399999999999999,-999,1.2365937124911677,-72.6786135261864,0.5696715511252133,0.478359817392107,263.60649819494586
2019,5,24,8,45,35.4081,8.399999999999999,-999,1.2365937124911677,-80.0298644134925,0.5696715511252133,0.488017563673166,264.03971119133575
2019,5,24,8,46,35.4081,8.399999999999999,-999,1.2365937124911677,-113.532914280218,0.5696715511252133,0.497675309954225,264.47292418772565
2019,5,24,8,47,35.4081,8.399999999999999,-999,1.2365937124911677,-97.125336988742,0.5696715511252133,0.507333056235284,264.90613718411555
2019,5,24,8,48,35.4081,8.399999999999999,-999,1.2365937124911677,-94.1153811496881,0.5696715511252133,0.516990802516343,265.3393501805054
2019,5,24,8,49,35.4081,8.399999999999999,-999,1.2365937124911677,-78.0883878784548,0.5696715511252133,0.526648548797402,265.7725631768953
2019,5,24,8,50,35.4081,8.399999999999999,-999,1.2365937124911677,-73.011843715584,0.5696715511252133,0.536306295078461,266.2057761732852
2019,5,24,8,51,35.4081,8.399999999999999,-999,1.2365937124911677,-115.695232276418,0.5696715511252133,0.54596404135952,266.6389891696751
2019,5,24,8,52,35.4081,8.399999999999999,-999,1.2365937124911677,-104.914597943191,0.5696715511252133,0.555621787640578,267.072202166065
2019,5,24,8,53,35.4081,8.399999999999999,-999,1.2365937124911677,-101.309752514133,0.5696715511252133,0.565279533921637,267.5054151624549
2019,5,24,8,54,35.4081,8.399999999999999,-999,1.2365937124911677,-136.063739838573,0.5696715511252133,0.574937280202696,267.9386281588448
2019,5,24,8,55,35.4081,8.399999999999999,-999,1.2365937124911677,-125.457241035503,0.5696715511252133,0.584595026483755,268.3718411552347
2019,5,24,8,56,35.4081,8.399999999999999,-999,1.2365937124911677,-127.092966841769,0.5696715511252133,0.594252772764814,268.8050541516246
2019,5,24,8,57,35.4081,8.399999999999999,-999,1.2365937124911677,-170.794535717928,0.5696715511252133,0.603910519045873,269.2382671480144
2019,5,24,8,58,35.4081,8.399999999999999,-999,1.2365937124911677,-128.379096072625,0.5696715511252133,0.613568265326932,269.6714801444043
2019,5,24,8,59,35.4081,8.399999999999999,-999,1.2365937124911677,-122.844652810139,0.5696715511252133,0.623226011607991,270.1046931407942
2019,5,24,9,0,35.4081,8.399999999999999,-999,1.2365937124911677,-141.601839965798,0.5696715511252133,0.632883757889049,270.5379061371841
2019,5,24,9,1,35.4081,8.399999999999999,-999,1.2365937124911677,-105.657363499515,0.5696715511252133,0.642541504170108,270.971119133574
2019,5,24,9,2,35.4081,8.399999999999999,-999,1.2365937124911677,-134.193368387107,0.5696715511252133,0.652199250451167,271.4043321299639
2019,5,24,9,3,35.4081,8.399999999999999,-999,1.2365937124911677,-115.206633240837,0.5696715511252133,0.661856996732226,271.8375451263538
2019,5,24,9,4,35.4081,8.399999999999999,-999,1.2365937124911677,-144.01299796608,0.5696715511252133,0.671514743013285,272.2707581227437
2019,5,24,9,5,35.4081,8.399999999999999,-999,1.2365937124911677,-128.218181974308,0.5696715511252133,0.681172489294344,272.7039711191336
2019,5,24,9,6,35.4081,8.399999999999999,-999,1.2365937124911677,-150.966017563881,0.5696715511252133,0.690830235575403,273.1371841155235
2019,5,24,9,7,35.4081,8.399999999999999,-999,1.2365937124911677,-160.511830495467,0.5696715511252133,0.700487981856462,273.57039711191334
2019,5,24,9,8,35.4081,8.399999999999999,-999,1.2365937124911677,-150.891890204282,0.5696715511252133,0.710145728137521,274.00361010830323
2019,5,24,9,9,35.4081,8.399999999999999,-999,1.2365937124911677,-108.834112174312,0.5696715511252133,0.719803474418579,274.43682310469313
2019,5,24,9,10,35.4081,8.399999999999999,-999,1.2365937124911677,-105.183897940973,0.5696715511252133,0.729461220699638,274.87003610108303
2019,5,24,9,11,35.4081,8.399999999999999,-999,1.2365937124911677,-165.056244003075,0.5696715511252133,0.739118966980697,275.30324909747293
2019,5,24,9,12,35.4081,8.399999999999999,-999,1.2365937124911677,-201.59546850322,0.5696715511252133,0.748776713261756,275.7364620938628
2019,5,24,9,13,35.4081,8.399999999999999,-999,1.2365937124911677,-260.217686425426,0.5696715511252133,0.758434459542815,276.1696750902527
2019,5,24,9,14,35.4081,8.399999999999999,-999,1.2365937124911677,-222.324327476657,0.5696715511252133,0.768092205823874,276.6028880866426
2019,5,24,9,15,35.4081,8.399999999999999,-999,1.2365937124911677,-171.906462735684,0.5696715511252133,0.776576878880714,277.025
2019,5,24,9,16,35.4081,8.399999999999999,-999,1.2365937124911677,-158.981101690131,0.5696715511252133,0.772157746471145,277.325
2019,5,24,9,17,35.4081,8.399999999999999,-999,1.2365937124911677,-155.277810597134,0.5696715511252133,0.767738614061577,277.625
2019,5,24,9,18,35.4081,8.399999999999999,-999,1.2365937124911677,-161.013448814485,0.5696715511252133,0.763319481652008,277.925
2019,5,24,9,19,35.4081,8.399999999999999,-999,1.2365937124911677,-139.824574636536,0.5696715511252133,0.75890034924244,278.225
2019,5,24,9,20,35.4081,8.399999999999999,-999,1.2365937124911677,-125.789237208916,0.5696715511252133,0.754481216832871,278.525
2019,5,24,9,21,35.4081,8.399999999999999,-999,1.2365937124911677,-137.265209432317,0.5696715511252133,0.750062084423302,278.825
2019,5,24,9,22,35.4081,8.399999999999999,-999,1.2365937124911677,-125.116083561736,0.5696715511252133,0.745642952013734,279.125
2019,5,24,9,23,35.4081,8.399999999999999,-999,1.2365937124911677,-104.951325105129,0.5696715511252133,0.741223819604165,279.425
2019,5,24,9,24,35.4081,8.399999999999999,-999,1.2365937124911677,-131.48237511945,0.5696715511252133,0.736804687194597,279.725
2019,5,24,9,25,35.4081,8.399999999999999,-999,1.2365937124911677,-123.744831304071,0.5696715511252133,0.732385554785028,280.025
2019,5,24,9,26,35.4081,8.399999999999999,-999,1.2365937124911677,-115.089312931721,0.5696715511252133,0.72796642237546,280.325
2019,5,24,9,27,35.4081,8.399999999999999,-999,1.2365937124911677,-176.736088449331,0.5696715511252133,0.723547289965891,280.625
2019,5,24,9,28,35.4081,8.399999999999999,-999,1.2365937124911677,-159.690642838019,0.5696715511252133,0.719128157556323,280.925
2019,5,24,9,29,35.4081,8.399999999999999,-999,1.2365937124911677,-144.714004547796,0.5696715511252133,0.714709025146754,281.225
2019,5,24,9,30,35.4081,8.399999999999999,-999,1.2365937124911677,-178.144140213482,0.5696715511252133,0.710289892737185,281.525
2019,5,24,9,31,35.4081,8.399999999999999,-999,1.2365937124911677,-206.416784607161,0.5696715511252133,0.705870760327617,281.825
2019,5,24,9,32,35.4081,8.399999999999999,-999,1.2365937124911677,-150.947109331741,0.5696715511252133,0.701451627918048,282.125
2019,5,24,9,33,35.4081,8.399999999999999,-999,1.2365937124911677,-146.560270992273,0.5696715511252133,0.69703249550848,282.425
2019,5,24,9,34,35.4081,8.399999999999999,-999,1.2365937124911677,-141.067579840263,0.5696715511252133,0.692613363098911,282.725
2019,5,24,9,35,35.4081,8.399999999999999,-999,1.2365937124911677,-134.689870529782,0.5696715511252133,0.688194230689343,283.025
2019,5,24,9,36,35.4081,8.399999999999999,-999,1.2365937124911677,-130.216237127526,0.5696715511252133,0.683775098279774,283.325
2019,5,24,9,37,35.4081,8.399999999999999,-999,1.2365937124911677,-121.412381853369,0.5696715511252133,0.679355965870205,283.625
2019,5,24,9,38,35.4081,8.399999999999999,-999,1.2365937124911677,-127.638293320078,0.5696715511252133,0.674936833460637,283.925
2019,5,24,9,39,35.4081,8.399999999999999,-999,1.2365937124911677,-105.971352178984,0.5696715511252133,0.670517701051068,284.225
2019,5,24,9,40,35.4081,8.399999999999999,-999,1.2365937124911677,-108.683680668052,0.5696715511252133,0.6660985686415,284.525
2019,5,24,9,41,35.4081,8.399999999999999,-999,1.2365937124911677,-92.7401902258368,0.5696715511252133,0.661679436231931,284.825
2019,5,24,9,42,35.4081,8.399999999999999,-999,1.2365937124911677,-89.2921990938678,0.5696715511252133,0.657260303822363,285.125
2019,5,24,9,43,35.4081,8.399999999999999,-999,1.2365937124911677,-78.9797357982841,0.5696715511252133,0.652841171412794,285.425
2019,5,24,9,44,35.4081,8.399999999999999,-999,1.2365937124911677,-109.656210527725,0.5696715511252133,0.648422039003226,285.725
2019,5,24,9,45,35.4081,8.399999999999999,-999,1.2365937124911677,-132.978243424755,0.5696715511252133,0.644002906593657,286.025
2019,5,24,9,46,35.4081,8.399999999999999,-999,1.2365937124911677,-115.763729842471,0.5696715511252133,0.639583774184089,286.325
2019,5,24,9,47,35.4081,8.399999999999999,-999,1.2365937124911677,-95.8522530405373,0.5696715511252133,0.63516464177452,286.625
2019,5,24,9,48,35.4081,8.399999999999999,-999,1.2365937124911677,-120.379044463142,0.5696715511252133,0.630745509364951,286.925
2019,5,24,9,49,35.4081,8.399999999999999,-999,1.2365937124911677,-137.017162012398,0.5696715511252133,0.626326376955383,287.225
2019,5,24,9,50,35.4081,8.399999999999999,-999,1.2365937124911677,-99.6852446586734,0.5696715511252133,0.621907244545814,287.525
2019,5,24,9,51,35.4081,8.399999999999999,-999,1.2365937124911677,-103.023624060656,0.5696715511252133,0.617488112136246,287.825
2019,5,24,9,52,35.4081,8.399999999999999,-999,1.2365937124911677,-114.082375628579,0.5696715511252133,0.613068979726677,288.125
2019,5,24,9,53,35.4081,8.399999999999999,-999,1.2365937124911677,-123.455252173644,0.5696715511252133,0.608649847317108,288.425
2019,5,24,9,54,35.4081,8.399999999999999,-999,1.2365937124911677,-93.3209612120559,0.5696715511252133,0.60423071490754,288.725
2019,5,24,9,55,35.4081,8.399999999999999,-999,1.2365937124911677,-99.257564938085,0.5696715511252133,0.599811582497972,289.025
2019,5,24,9,56,35.4081,8.399999999999999,-999,1.2365937124911677,-95.7236153604891,0.5696715511252133,0.595392450088403,289.325
2019,5,24,9,57,35.4081,8.399999999999999,-999,1.2365937124911677,-73.0229631959017,0.5696715511252133,0.590973317678834,289.625
2019,5,24,9,58,35.4081,8.399999999999999,-999,1.2365937124911677,-83.8798093204661,0.5696715511252133,0.586554185269266,289.925
2019,5,24,9,59,35.4081,8.399999999999999,-999,1.2365937124911677,-72.8217213722262,0.5696715511252133,0.582135052859697,290.225
2019,5,24,10,0,35.4081,8.399999999999999,-999,1.2365937124911677,-90.7503855397404,0.5696715511252133,0.577715920450129,290.525
2019,5,24,10,1,35.4081,8.399999999999999,-999,1.2365937124911677,-85.1794035703099,0.5696715511252133,0.57329678804056,290.825
2019,5,24,10,2,35.4081,8.399999999999999,-999,1.2365937124911677,-85.6562936262322,0.5696715511252133,0.568877655630992,291.125
2019,5,24,10,3,35.4081,8.399999999999999,-999,1.2365937124911677,-85.4169649860311,0.5696715511252133,0.564458523221423,291.425
2019,5,24,10,4,35.4081,8.399999999999999,-999,1.2365937124911677,-87.2338239487682,0.5696715511252133,0.560039390811854,291.725
2019,5,24,10,5,35.4081,8.399999999999999,-999,1.2365937124911677,-77.8212328724644,0.5696715511252133,0.555620258402286,292.025
2019,5,24,10,6,35.4081,8.399999999999999,-999,1.2365937124911677,-66.4416140620774,0.5696715511252133,0.551201125992717,292.325
2019,5,24,10,7,35.4081,8.399999999999999,-999,1.2365937124911677,-73.7181508418228,0.5696715511252133,0.546781993583149,292.625
2019,5,24,10,8,35.4081,8.399999999999999,-999,1.2365937124911677,-80.2164277568737,0.5696715511252133,0.54236286117358,292.925
2019,5,24,10,9,35.4081,8.399999999999999,-999,1.2365937124911677,-65.3067459771273,0.5696715511252133,0.537943728764012,293.225
2019,5,24,10,10,35.4081,8.399999999999999,-999,1.2365937124911677,-80.3253412753616,0.5696715511252133,0.533524596354443,293.525
2019,5,24,10,11,35.4081,8.399999999999999,-999,1.2365937124911677,-85.8607829877693,0.5696715511252133,0.529105463944875,293.825
2019,5,24,10,12,35.4081,8.399999999999999,-999,1.2365937124911677,-92.4409012677555,0.5696715511252133,0.524686331535306,294.125
2019,5,24,10,13,35.4081,8.399999999999999,-999,1.2365937124911677,-94.3098380609724,0.5696715511252133,0.520267199125737,294.425
2019,5,24,10,14,35.4081,8.399999999999999,-999,1.2365937124911677,-58.0506221398722,0.5696715511252133,0.515848066716169,294.725
2019,5,24,10,15,35.4081,8.399999999999999,-999,1.2365937124911677,-50.3117720689239,0.5696715511252133,0.511335113064107,294.6558423535942
2019,5,24,10,16,35.4081,8.399999999999999,-999,1.2365937124911677,-60.9519091159523,0.5696715511252133,0.505790125744625,290.52595059672495
2019,5,24,10,17,35.4081,8.399999999999999,-999,1.2365937124911677,-59.689433383128,0.5696715511252133,0.500245138425142,286.3960588398557
2019,5,24,10,18,35.4081,8.399999999999999,-999,1.2365937124911677,-69.1260360012816,0.5696715511252133,0.494700151105659,282.2661670829864
2019,5,24,10,19,35.4081,8.399999999999999,-999,1.2365937124911677,-69.1250329197489,0.5696715511252133,0.489155163786177,278.13627532611713
2019,5,24,10,20,35.4081,8.399999999999999,-999,1.2365937124911677,-72.1064634146236,0.5696715511252133,0.483610176466694,274.0063835692479
2019,5,24,10,21,35.4081,8.399999999999999,-999,1.2365937124911677,-67.8347346170677,0.5696715511252133,0.478065189147211,269.87649181237856
2019,5,24,10,22,35.4081,8.399999999999999,-999,1.2365937124911677,-82.2465425221568,0.5696715511252133,0.472520201827729,265.7466000555093
2019,5,24,10,23,35.4081,8.399999999999999,-999,1.2365937124911677,-63.5789574035961,0.5696715511252133,0.466975214508246,261.61670829864
2019,5,24,10,24,35.4081,8.399999999999999,-999,1.2365937124911677,-51.064722366142,0.5696715511252133,0.461430227188764,257.48681654177074
2019,5,24,10,25,35.4081,8.399999999999999,-999,1.2365937124911677,-60.3010959371277,0.5696715511252133,0.455885239869281,253.35692478490148
2019,5,24,10,26,35.4081,8.399999999999999,-999,1.2365937124911677,-66.6782310927112,0.5696715511252133,0.450340252549798,249.2270330280322
2019,5,24,10,27,35.4081,8.399999999999999,-999,1.2365937124911677,-56.3126086060208,0.5696715511252133,0.444795265230316,245.0971412711629
2019,5,24,10,28,35.4081,8.399999999999999,-999,1.2365937124911677,-43.039802791126,0.5696715511252133,0.439250277910833,240.96724951429366
2019,5,24,10,29,35.4081,8.399999999999999,-999,1.2365937124911677,-45.0323358228818,0.5696715511252133,0.43370529059135,236.83735775742437
2019,5,24,10,30,35.4081,8.399999999999999,-999,1.2365937124911677,-43.7880893217048,0.5696715511252133,0.428160303271868,232.7074660005551
2019,5,24,10,31,35.4081,8.399999999999999,-999,1.2365937124911677,-47.8129972636458,0.5696715511252133,0.422615315952385,228.57757424368583
2019,5,24,10,32,35.4081,8.399999999999999,-999,1.2365937124911677,-41.0025518461552,0.5696715511252133,0.417070328632902,224.44768248681652
2019,5,24,10,33,35.4081,8.399999999999999,-999,1.2365937124911677,-42.2982713286949,0.5696715511252133,0.41152534131342,220.31779072994726
2019,5,24,10,34,35.4081,8.399999999999999,-999,1.2365937124911677,-36.492045758597,0.5696715511252133,0.405980353993937,216.18789897307798
2019,5,24,10,35,35.4081,8.399999999999999,-999,1.2365937124911677,-35.5995903120179,0.5696715511252133,0.400435366674454,212.0580072162087
2019,5,24,10,36,35.4081,8.399999999999999,-999,1.2365937124911677,-32.0318319842464,0.5696715511252133,0.394890379354972,207.92811545933944
2019,5,24,10,37,35.4081,8.399999999999999,-999,1.2365937124911677,-37.9893054753742,0.5696715511252133,0.389345392035489,203.79822370247015
2019,5,24,10,39,35.4081,8.399999999999999,-999,1.2365937124911677,-29.3040878095575,0.5696715511252133,0.378255417396524,195.5384401887316
2019,5,24,10,40,35.4081,8.399999999999999,-999,1.2365937124911677,-33.0294333569856,0.5696715511252133,0.372710430077041,191.40854843186233
2019,5,24,10,41,35.4081,8.399999999999999,-999,1.2365937124911677,-30.2610497674731,0.5696715511252133,0.367165442757558,187.27865667499304
2019,5,24,10,42,35.4081,8.399999999999999,-999,1.2365937124911677,-33.6526372118896,0.5696715511252133,0.361620455438076,183.1487649181238
2019,5,24,10,43,35.4081,8.399999999999999,-999,1.2365937124911677,-34.4072256504797,0.5696715511252133,0.356075468118593,179.0188731612545
2019,5,24,10,44,35.4081,8.399999999999999,-999,1.2365937124911677,-41.1018975923564,0.5696715511252133,0.350530480799111,174.88898140438522
2019,5,24,10,45,35.4081,8.399999999999999,-999,1.2365937124911677,-34.3008953523367,0.5696715511252133,0.344985493479628,170.75908964751596
2019,5,24,10,46,35.4081,8.399999999999999,-999,1.2365937124911677,-37.0693285061352,0.5696715511252133,0.339440506160145,166.62919789064668
2019,5,24,10,47,35.4081,8.399999999999999,-999,1.2365937124911677,-32.4248398429951,0.5696715511252133,0.333895518840663,162.4993061337774
2019,5,24,10,48,35.4081,8.399999999999999,-999,1.2365937124911677,-33.9013692825213,0.5696715511252133,0.32835053152118,158.3694143769081
2019,5,24,10,49,35.4081,8.399999999999999,-999,1.2365937124911677,-29.7224397472876,0.5696715511252133,0.322805544201697,154.23952262003885
2019,5,24,10,50,35.4081,8.399999999999999,-999,1.2365937124911677,-26.4545882338474,0.5696715511252133,0.317260556882215,150.10963086316957
2019,5,24,10,51,35.4081,8.399999999999999,-999,1.2365937124911677,-21.5201143540653,0.5696715511252133,0.311715569562732,145.9797391063003
2019,5,24,10,52,35.4081,8.399999999999999,-999,1.2365937124911677,-24.6606631057774,0.5696715511252133,0.306170582243249,141.849847349431
2019,5,24,10,53,35.4081,8.399999999999999,-999,1.2365937124911677,-18.4908905988548,0.5696715511252133,0.300625594923767,137.71995559256175
2019,5,24,10,54,35.4081,8.399999999999999,-999,1.2365937124911677,-19.2751851958035,0.5696715511252133,0.295080607604284,133.59006383569246
2019,5,24,10,55,35.4081,8.399999999999999,-999,1.2365937124911677,-25.9116959559902,0.5696715511252133,0.289535620284801,129.46017207882318
2019,5,24,10,56,35.4081,8.399999999999999,-999,1.2365937124911677,-22.3766278092297,0.5696715511252133,0.283990632965319,125.33028032195392
2019,5,24,10,57,35.4081,8.399999999999999,-999,1.2365937124911677,-20.4888525014149,0.5696715511252133,0.278445645645836,121.20038856508464
2019,5,24,10,58,35.4081,8.399999999999999,-999,1.2365937124911677,-16.7572415316929,0.5696715511252133,0.272900658326353,117.07049680821535
2019,5,24,10,59,35.4081,8.399999999999999,-999,1.2365937124911677,-20.514008022728,0.5696715511252133,0.267355671006871,112.9406050513461
2019,5,24,11,0,35.4081,8.399999999999999,-999,1.2365937124911677,-23.153051947734,0.5696715511252133,0.261810683687388,108.81071329447681
2019,5,24,11,1,35.4081,8.399999999999999,-999,1.2365937124911677,-18.0534390811641,0.5696715511252133,0.256265696367905,104.68082153760753
2019,5,24,11,2,35.4081,8.399999999999999,-999,1.2365937124911677,-14.614219092998,0.5696715511252133,0.250720709048423,100.55092978073824
2019,5,24,11,3,35.4081,8.399999999999999,-999,1.2365937124911677,-18.9927523790466,0.5696715511252133,0.24517572172894,96.42103802386899
2019,5,24,11,4,35.4081,8.399999999999999,-999,1.2365937124911677,-16.7407462815185,0.5696715511252133,0.239630734409457,92.2911462669997
2019,5,24,11,5,35.4081,8.399999999999999,-999,1.2365937124911677,-12.985781066964,0.5696715511252133,0.234085747089975,88.16125451013042
2019,5,24,11,6,35.4081,8.399999999999999,-999,1.2365937124911677,-15.1604807164411,0.5696715511252133,0.228540759770492,84.03136275326116
2019,5,24,11,7,35.4081,8.399999999999999,-999,1.2365937124911677,-17.6649746166084,0.5696715511252133,0.222995772451009,79.90147099639188
2019,5,24,11,8,35.4081,8.399999999999999,-999,1.2365937124911677,-15.7890555721995,0.5696715511252133,0.217450785131527,75.7715792395226
2019,5,24,11,9,35.4081,8.399999999999999,-999,1.2365937124911677,-17.8937216424667,0.5696715511252133,0.211905797812044,71.64168748265331
2019,5,24,11,10,35.4081,8.399999999999999,-999,1.2365937124911677,-12.6486803702121,0.5696715511252133,0.206360810492561,67.51179572578405
2019,5,24,11,11,35.4081,8.399999999999999,-999,1.2365937124911677,-13.9904395784084,0.5696715511252133,0.200815823173079,63.38190396891477
2019,5,24,11,12,35.4081,8.399999999999999,-999,1.2365937124911677,-10.8850302765589,0.5696715511252133,0.195270835853596,59.252012212045486
2019,5,24,11,13,35.4081,8.399999999999999,-999,1.2365937124911677,-8.92559530357186,0.5696715511252133,0.189725848534113,55.12212045517623
2019,5,24,11,14,35.4081,8.399999999999999,-999,1.2365937124911677,-7.42080399501059,0.5696715511252133,0.184180861214631,50.992228698306945
2019,5,24,11,15,35.4081,8.399999999999999,-999,1.2365937124911677,-7.18364628900214,0.5696715511252133,0.178858431246265,47.08787541713014
2019,5,24,11,16,35.4081,8.399999999999999,-999,1.2365937124911677,-6.59382459377543,0.5696715511252133,0.179990164460294,49.724137931034484
2019,5,24,11,17,35.4081,8.399999999999999,-999,1.2365937124911677,-7.93162693107369,0.5696715511252133,0.181121897674324,52.36040044493882
2019,5,24,11,18,35.4081,8.399999999999999,-999,1.2365937124911677,-8.37701462454608,0.5696715511252133,0.182253630888353,54.99666295884316
2019,5,24,11,19,35.4081,8.399999999999999,-999,1.2365937124911677,-8.43061110055849,0.5696715511252133,0.183385364102382,57.632925472747495
2019,5,24,11,20,35.4081,8.399999999999999,-999,1.2365937124911677,-8.5670370435618,0.5696715511252133,0.184517097316411,60.269187986651836
2019,5,24,11,21,35.4081,8.399999999999999,-999,1.2365937124911677,-8.7889274135749,0.5696715511252133,0.185648830530441,62.90545050055617
2019,5,24,11,22,35.4081,8.399999999999999,-999,1.2365937124911677,-8.88233332477147,0.5696715511252133,0.18678056374447,65.54171301446051
2019,5,24,11,23,35.4081,8.399999999999999,-999,1.2365937124911677,-9.02932148016132,0.5696715511252133,0.187912296958499,68.17797552836484
2019,5,24,11,24,35.4081,8.399999999999999,-999,1.2365937124911677,-8.21277310253704,0.5696715511252133,0.189044030172528,70.81423804226918
2019,5,24,11,25,35.4081,8.399999999999999,-999,1.2365937124911677,-9.17243145333012,0.5696715511252133,0.190175763386558,73.45050055617352
2019,5,24,11,26,35.4081,8.399999999999999,-999,1.2365937124911677,-9.14428501453756,0.5696715511252133,0.191307496600587,76.08676307007786
2019,5,24,11,27,35.4081,8.399999999999999,-999,1.2365937124911677,-8.85266159889369,0.5696715511252133,0.192439229814616,78.7230255839822
2019,5,24,11,28,35.4081,8.399999999999999,-999,1.2365937124911677,-10.5662243726926,0.5696715511252133,0.193570963028645,81.35928809788655
2019,5,24,11,29,35.4081,8.399999999999999,-999,1.2365937124911677,-10.3883085463995,0.5696715511252133,0.194702696242675,83.99555061179088
2019,5,24,11,30,35.4081,8.399999999999999,-999,1.2365937124911677,-10.5344304572893,0.5696715511252133,0.195834429456704,86.63181312569522
2019,5,24,11,31,35.4081,8.399999999999999,-999,1.2365937124911677,-8.04103137292529,0.5696715511252133,0.196966162670733,89.26807563959954
2019,5,24,11,32,35.4081,8.399999999999999,-999,1.2365937124911677,-8.02100476021868,0.5696715511252133,0.198097895884762,91.90433815350389
2019,5,24,11,33,35.4081,8.399999999999999,-999,1.2365937124911677,-9.16095435505017,0.5696715511252133,0.199229629098792,94.54060066740823
2019,5,24,11,34,35.4081,8.399999999999999,-999,1.2365937124911677,-9.5084377096882,0.5696715511252133,0.200361362312821,97.17686318131257
2019,5,24,11,35,35.4081,8.399999999999999,-999,1.2365937124911677,-9.37894830438733,0.5696715511252133,0.20149309552685,99.81312569521691
2019,5,24,11,36,35.4081,8.399999999999999,-999,1.2365937124911677,-10.4226390814459,0.5696715511252133,0.202624828740879,102.44938820912125
2019,5,24,11,37,35.4081,8.399999999999999,-999,1.2365937124911677,-9.15017764158118,0.5696715511252133,0.203756561954909,105.08565072302558
2019,5,24,11,38,35.4081,8.399999999999999,-999,1.2365937124911677,-11.8256549418655,0.5696715511252133,0.204888295168938,107.72191323692991
2019,5,24,11,39,35.4081,8.399999999999999,-999,1.2365937124911677,-13.0682388341327,0.5696715511252133,0.206020028382967,110.35817575083425
2019,5,24,11,40,35.4081,8.399999999999999,-999,1.2365937124911677,-11.7308810821174,0.5696715511252133,0.207151761596996,112.99443826473859
2019,5,24,11,41,35.4081,8.399999999999999,-999,1.2365937124911677,-13.9776692507868,0.5696715511252133,0.208283494811026,115.63070077864293
2019,5,24,11,42,35.4081,8.399999999999999,-999,1.2365937124911677,-13.4013444403817,0.5696715511252133,0.209415228025055,118.26696329254727
2019,5,24,11,43,35.4081,8.399999999999999,-999,1.2365937124911677,-10.5090848762734,0.5696715511252133,0.210546961239084,120.9032258064516
2019,5,24,11,44,35.4081,8.399999999999999,-999,1.2365937124911677,-9.02520734894092,0.5696715511252133,0.211678694453113,123.53948832035594
2019,5,24,11,45,35.4081,8.399999999999999,-999,1.2365937124911677,-10.1737516277755,0.5696715511252133,0.212810427667143,126.17575083426028
2019,5,24,11,46,35.4081,8.399999999999999,-999,1.2365937124911677,-10.5596941346619,0.5696715511252133,0.213942160881172,128.8120133481646
2019,5,24,11,47,35.4081,8.399999999999999,-999,1.2365937124911677,-10.3476542912824,0.5696715511252133,0.215073894095201,131.44827586206895
2019,5,24,11,48,35.4081,8.399999999999999,-999,1.2365937124911677,-14.1055016623036,0.5696715511252133,0.216205627309231,134.0845383759733
2019,5,24,11,49,35.4081,8.399999999999999,-999,1.2365937124911677,-11.7213043936223,0.5696715511252133,0.21733736052326,136.72080088987764
2019,5,24,11,50,35.4081,8.399999999999999,-999,1.2365937124911677,-14.1197251013147,0.5696715511252133,0.218469093737289,139.35706340378198
2019,5,24,11,51,35.4081,8.399999999999999,-999,1.2365937124911677,-11.926843580322,0.5696715511252133,0.219600826951318,141.99332591768632
2019,5,24,11,52,35.4081,8.399999999999999,-999,1.2365937124911677,-9.87633249649724,0.5696715511252133,0.220732560165347,144.62958843159066
2019,5,24,11,53,35.4081,8.399999999999999,-999,1.2365937124911677,-16.9796647306818,0.5696715511252133,0.221864293379377,147.265850945495
2019,5,24,11,54,35.4081,8.399999999999999,-999,1.2365937124911677,-13.4438769150666,0.5696715511252133,0.222996026593406,149.90211345939935
2019,5,24,11,55,35.4081,8.399999999999999,-999,1.2365937124911677,-13.9767014168347,0.5696715511252133,0.224127759807435,152.53837597330366
2019,5,24,11,56,35.4081,8.399999999999999,-999,1.2365937124911677,-13.5391241317613,0.5696715511252133,0.225259493021464,155.174638487208
2019,5,24,11,57,35.4081,8.399999999999999,-999,1.2365937124911677,-12.1513924405639,0.5696715511252133,0.226391226235494,157.81090100111234
2019,5,24,11,58,35.4081,8.399999999999999,-999,1.2365937124911677,-11.5135278187312,0.5696715511252133,0.227522959449523,160.44716351501668
2019,5,24,11,59,35.4081,8.399999999999999,-999,1.2365937124911677,-12.7806710373206,0.5696715511252133,0.228654692663552,163.083426028921
2019,5,24,12,0,35.4081,8.399999999999999,-999,1.2365937124911677,-11.0648140166118,0.5696715511252133,0.229786425877582,165.71968854282534
2019,5,24,12,1,35.4081,8.399999999999999,-999,1.2365937124911677,-14.151762730049,0.5696715511252133,0.230918159091611,168.35595105672968
2019,5,24,12,2,35.4081,8.399999999999999,-999,1.2365937124911677,-13.5663145998486,0.5696715511252133,0.23204989230564,170.99221357063402
2019,5,24,12,3,35.4081,8.399999999999999,-999,1.2365937124911677,-12.6397801202098,0.5696715511252133,0.233181625519669,173.62847608453836
2019,5,24,12,4,35.4081,8.399999999999999,-999,1.2365937124911677,-15.6451241807141,0.5696715511252133,0.234313358733698,176.2647385984427
2019,5,24,12,5,35.4081,8.399999999999999,-999,1.2365937124911677,-14.5812767187328,0.5696715511252133,0.235445091947728,178.90100111234705
2019,5,24,12,6,35.4081,8.399999999999999,-999,1.2365937124911677,-13.7912380442645,0.5696715511252133,0.236576825161757,181.5372636262514
2019,5,24,12,7,35.4081,8.399999999999999,-999,1.2365937124911677,-13.1075107419566,0.5696715511252133,0.237708558375786,184.17352614015573
2019,5,24,12,8,35.4081,8.399999999999999,-999,1.2365937124911677,-13.4800733047655,0.5696715511252133,0.238840291589815,186.80978865406007
2019,5,24,12,9,35.4081,8.399999999999999,-999,1.2365937124911677,-18.5633338492553,0.5696715511252133,0.239972024803845,189.44605116796438
2019,5,24,12,10,35.4081,8.399999999999999,-999,1.2365937124911677,-22.0766220574633,0.5696715511252133,0.241103758017874,192.08231368186873
2019,5,24,12,11,35.4081,8.399999999999999,-999,1.2365937124911677,-25.1587213754815,0.5696715511252133,0.242235491231903,194.71857619577307
2019,5,24,12,12,35.4081,8.399999999999999,-999,1.2365937124911677,-23.2458443962219,0.5696715511252133,0.243367224445933,197.3548387096774
2019,5,24,12,13,35.4081,8.399999999999999,-999,1.2365937124911677,-20.6050173894011,0.5696715511252133,0.244498957659962,199.99110122358175
2019,5,24,12,14,35.4081,8.399999999999999,-999,1.2365937124911677,-14.7126085873949,0.5696715511252133,0.245630690873991,202.6273637374861
2019,5,24,12,15,35.4081,8.399999999999999,-999,1.2365937124911677,-14.564410053758,0.5696715511252133,0.246495180579437,204.8600777345919
2019,5,24,12,16,35.4081,8.399999999999999,-999,1.2365937124911677,-13.9698056685187,0.5696715511252133,0.24495447870763,203.46085508051084
2019,5,24,12,17,35.4081,8.399999999999999,-999,1.2365937124911677,-15.7130560500635,0.5696715511252133,0.243413776835823,202.06163242642975
2019,5,24,12,18,35.4081,8.399999999999999,-999,1.2365937124911677,-13.1882218158112,0.5696715511252133,0.241873074964016,200.6624097723487
2019,5,24,12,19,35.4081,8.399999999999999,-999,1.2365937124911677,-12.281804292102,0.5696715511252133,0.240332373092209,199.26318711826764
2019,5,24,12,20,35.4081,8.399999999999999,-999,1.2365937124911677,-13.8036928304647,0.5696715511252133,0.238791671220402,197.86396446418655
2019,5,24,12,21,35.4081,8.399999999999999,-999,1.2365937124911677,-14.5619990105497,0.5696715511252133,0.237250969348595,196.4647418101055
2019,5,24,12,22,35.4081,8.399999999999999,-999,1.2365937124911677,-12.9921677565575,0.5696715511252133,0.235710267476787,195.06551915602444
2019,5,24,12,23,35.4081,8.399999999999999,-999,1.2365937124911677,-20.3285989844772,0.5696715511252133,0.23416956560498,193.66629650194335
2019,5,24,12,24,35.4081,8.399999999999999,-999,1.2365937124911677,-15.5497730168661,0.5696715511252133,0.232628863733173,192.2670738478623
2019,5,24,12,25,35.4081,8.399999999999999,-999,1.2365937124911677,-17.5118693385127,0.5696715511252133,0.231088161861366,190.86785119378123
2019,5,24,12,26,35.4081,8.399999999999999,-999,1.2365937124911677,-13.6196871338543,0.5696715511252133,0.229547459989559,189.46862853970018
2019,5,24,12,27,35.4081,8.399999999999999,-999,1.2365937124911677,-12.6182855944324,0.5696715511252133,0.228006758117752,188.0694058856191
2019,5,24,12,28,35.4081,8.399999999999999,-999,1.2365937124911677,-15.3138929307622,0.5696715511252133,0.226466056245945,186.67018323153803
2019,5,24,12,29,35.4081,8.399999999999999,-999,1.2365937124911677,-17.3126671594647,0.5696715511252133,0.224925354374138,185.27096057745698
2019,5,24,12,30,35.4081,8.399999999999999,-999,1.2365937124911677,-19.0706554502046,0.5696715511252133,0.223384652502331,183.87173792337592
2019,5,24,12,31,35.4081,8.399999999999999,-999,1.2365937124911677,-36.217155791023,0.5696715511252133,0.221843950630524,182.47251526929483
2019,5,24,12,32,35.4081,8.399999999999999,-999,1.2365937124911677,-24.0876921855041,0.5696715511252133,0.220303248758717,181.07329261521377
2019,5,24,12,33,35.4081,8.399999999999999,-999,1.2365937124911677,-19.8996168762564,0.5696715511252133,0.21876254688691,179.67406996113272
2019,5,24,12,34,35.4081,8.399999999999999,-999,1.2365937124911677,-15.6477791899695,0.5696715511252133,0.217221845015103,178.27484730705163
2019,5,24,12,35,35.4081,8.399999999999999,-999,1.2365937124911677,-11.6558428813177,0.5696715511252133,0.215681143143296,176.87562465297057
2019,5,24,12,36,35.4081,8.399999999999999,-999,1.2365937124911677,-8.61351795803562,0.5696715511252133,0.214140441271489,175.47640199888951
2019,5,24,12,37,35.4081,8.399999999999999,-999,1.2365937124911677,-10.2524147308731,0.5696715511252133,0.212599739399682,174.07717934480843
2019,5,24,12,38,35.4081,8.399999999999999,-999,1.2365937124911677,-11.7542482702872,0.5696715511252133,0.211059037527875,172.67795669072737
2019,5,24,12,39,35.4081,8.399999999999999,-999,1.2365937124911677,-13.4453298004787,0.5696715511252133,0.209518335656068,171.2787340366463
2019,5,24,12,40,35.4081,8.399999999999999,-999,1.2365937124911677,-13.5295363673772,0.5696715511252133,0.207977633784261,169.87951138256523
2019,5,24,12,41,35.4081,8.399999999999999,-999,1.2365937124911677,-12.7682423690627,0.5696715511252133,0.206436931912454,168.48028872848417
2019,5,24,12,42,35.4081,8.399999999999999,-999,1.2365937124911677,-11.5284168572942,0.5696715511252133,0.204896230040647,167.0810660744031
2019,5,24,12,43,35.4081,8.399999999999999,-999,1.2365937124911677,-12.302826008511,0.5696715511252133,0.20335552816884,165.68184342032205
2019,5,24,12,44,35.4081,8.399999999999999,-999,1.2365937124911677,-12.7278549589351,0.5696715511252133,0.201814826297033,164.282620766241
2019,5,24,12,45,35.4081,8.399999999999999,-999,1.2365937124911677,-9.31009740538993,0.5696715511252133,0.200274124425226,162.8833981121599
2019,5,24,12,46,35.4081,8.399999999999999,-999,1.2365937124911677,-10.964994837472,0.5696715511252133,0.198733422553419,161.48417545807885
2019,5,24,12,47,35.4081,8.399999999999999,-999,1.2365937124911677,-11.801891697987,0.5696715511252133,0.197192720681612,160.0849528039978
2019,5,24,12,48,35.4081,8.399999999999999,-999,1.2365937124911677,-9.57176390942301,0.5696715511252133,0.195652018809805,158.6857301499167
2019,5,24,12,49,35.4081,8.399999999999999,-999,1.2365937124911677,-11.0298464917706,0.5696715511252133,0.194111316937998,157.28650749583565
2019,5,24,12,50,35.4081,8.399999999999999,-999,1.2365937124911677,-8.22132105577274,0.5696715511252133,0.192570615066191,155.8872848417546
2019,5,24,12,51,35.4081,8.399999999999999,-999,1.2365937124911677,-7.89266232474768,0.5696715511252133,0.191029913194384,154.4880621876735
2019,5,24,12,52,35.4081,8.399999999999999,-999,1.2365937124911677,-8.83244905031559,0.5696715511252133,0.189489211322577,153.08883953359245
2019,5,24,12,53,35.4081,8.399999999999999,-999,1.2365937124911677,-10.1401374735878,0.5696715511252133,0.18794850945077,151.6896168795114
2019,5,24,12,54,35.4081,8.399999999999999,-999,1.2365937124911677,-7.01294434833134,0.5696715511252133,0.186407807578963,150.2903942254303
2019,5,24,12,55,35.4081,8.399999999999999,-999,1.2365937124911677,-9.12685872755221,0.5696715511252133,0.184867105707156,148.89117157134925
2019,5,24,12,56,35.4081,8.399999999999999,-999,1.2365937124911677,-9.58731471275731,0.5696715511252133,0.183326403835349,147.4919489172682
2019,5,24,12,57,35.4081,8.399999999999999,-999,1.2365937124911677,-8.97125799047989,0.5696715511252133,0.181785701963542,146.0927262631871
2019,5,24,12,58,35.4081,8.399999999999999,-999,1.2365937124911677,-10.4930944808044,0.5696715511252133,0.180245000091735,144.69350360910605
2019,5,24,12,59,35.4081,8.399999999999999,-999,1.2365937124911677,-9.6598354986245,0.5696715511252133,0.178704298219928,143.294280955025
2019,5,24,13,0,35.4081,8.399999999999999,-999,1.2365937124911677,-8.69096012920033,0.5696715511252133,0.177163596348121,141.89505830094393
2019,5,24,13,1,35.4081,8.399999999999999,-999,1.2365937124911677,-8.15652795966108,0.5696715511252133,0.175622894476314,140.49583564686287
2019,5,24,13,2,35.4081,8.399999999999999,-999,1.2365937124911677,-6.77467259309113,0.5696715511252133,0.174082192604507,139.0966129927818
2019,5,24,13,3,35.4081,8.399999999999999,-999,1.2365937124911677,-6.07673546594425,0.5696715511252133,0.1725414907327,137.69739033870073
2019,5,24,13,4,35.4081,8.399999999999999,-999,1.2365937124911677,-7.99800571528726,0.5696715511252133,0.171000788860893,136.29816768461967
2019,5,24,13,5,35.4081,8.399999999999999,-999,1.2365937124911677,-8.93304459854294,0.5696715511252133,0.169460086989086,134.89894503053858
2019,5,24,13,6,35.4081,8.399999999999999,-999,1.2365937124911677,-9.24807673468363,0.5696715511252133,0.167919385117279,133.49972237645753
2019,5,24,13,7,35.4081,8.399999999999999,-999,1.2365937124911677,-8.08995981465832,0.5696715511252133,0.166378683245472,132.10049972237647
2019,5,24,13,8,35.4081,8.399999999999999,-999,1.2365937124911677,-7.94490074928654,0.5696715511252133,0.164837981373665,130.70127706829538
2019,5,24,13,9,35.4081,8.399999999999999,-999,1.2365937124911677,-6.80585967166781,0.5696715511252133,0.163297279501857,129.30205441421433
2019,5,24,13,10,35.4081,8.399999999999999,-999,1.2365937124911677,-6.73070382509442,0.5696715511252133,0.16175657763005,127.90283176013327
2019,5,24,13,11,35.4081,8.399999999999999,-999,1.2365937124911677,-5.95693490431206,0.5696715511252133,0.160215875758243,126.5036091060522
2019,5,24,13,12,35.4081,8.399999999999999,-999,1.2365937124911677,-6.91059180043041,0.5696715511252133,0.158675173886436,125.10438645197112
2019,5,24,13,13,35.4081,8.399999999999999,-999,1.2365937124911677,-7.47914300160956,0.5696715511252133,0.157134472014629,123.70516379789007
2019,5,24,13,14,35.4081,8.399999999999999,-999,1.2365937124911677,-7.07925151559118,0.5696715511252133,0.155593770142822,122.305941143809
2019,5,24,13,15,35.4081,8.399999999999999,-999,1.2365937124911677,-6.0734115838461,0.5696715511252133,0.154306553707932,121.04001111419839
2019,5,24,13,16,35.4081,8.399999999999999,-999,1.2365937124911677,-5.84768926073996,0.5696715511252133,0.156568133389871,121.64017782717421
2019,5,24,13,17,35.4081,8.399999999999999,-999,1.2365937124911677,-6.46778934725891,0.5696715511252133,0.15882971307181,122.24034454015005
2019,5,24,13,18,35.4081,8.399999999999999,-999,1.2365937124911677,-8.725766814954,0.5696715511252133,0.161091292753749,122.84051125312587
2019,5,24,13,19,35.4081,8.399999999999999,-999,1.2365937124911677,-6.13613156538435,0.5696715511252133,0.163352872435688,123.44067796610169
2019,5,24,13,20,35.4081,8.399999999999999,-999,1.2365937124911677,-7.65013713748895,0.5696715511252133,0.165614452117627,124.04084467907752
2019,5,24,13,21,35.4081,8.399999999999999,-999,1.2365937124911677,-10.2342466418016,0.5696715511252133,0.167876031799566,124.64101139205334
2019,5,24,13,22,35.4081,8.399999999999999,-999,1.2365937124911677,-8.88098680045383,0.5696715511252133,0.170137611481505,125.24117810502918
2019,5,24,13,23,35.4081,8.399999999999999,-999,1.2365937124911677,-8.41202131753867,0.5696715511252133,0.172399191163444,125.841344818005
2019,5,24,13,24,35.4081,8.399999999999999,-999,1.2365937124911677,-10.4411437812601,0.5696715511252133,0.174660770845383,126.44151153098083
2019,5,24,13,25,35.4081,8.399999999999999,-999,1.2365937124911677,-9.43176966548242,0.5696715511252133,0.176922350527322,127.04167824395665
2019,5,24,13,26,35.4081,8.399999999999999,-999,1.2365937124911677,-11.1828453048911,0.5696715511252133,0.17918393020926,127.64184495693249
2019,5,24,13,27,35.4081,8.399999999999999,-999,1.2365937124911677,-8.46272668924583,0.5696715511252133,0.181445509891199,128.24201166990832
2019,5,24,13,28,35.4081,8.399999999999999,-999,1.2365937124911677,-7.48841718680979,0.5696715511252133,0.183707089573138,128.84217838288413
2019,5,24,13,29,35.4081,8.399999999999999,-999,1.2365937124911677,-8.08968654938702,0.5696715511252133,0.185968669255077,129.44234509585996
2019,5,24,13,30,35.4081,8.399999999999999,-999,1.2365937124911677,-9.16514010160171,0.5696715511252133,0.188230248937016,130.0425118088358
2019,5,24,13,31,35.4081,8.399999999999999,-999,1.2365937124911677,-10.713147385305,0.5696715511252133,0.190491828618955,130.6426785218116
2019,5,24,13,32,35.4081,8.399999999999999,-999,1.2365937124911677,-12.1316679680298,0.5696715511252133,0.192753408300894,131.24284523478744
2019,5,24,13,33,35.4081,8.399999999999999,-999,1.2365937124911677,-9.47168411347857,0.5696715511252133,0.195014987982833,131.84301194776327
2019,5,24,13,34,35.4081,8.399999999999999,-999,1.2365937124911677,-10.383108054138,0.5696715511252133,0.197276567664772,132.4431786607391
2019,5,24,13,35,35.4081,8.399999999999999,-999,1.2365937124911677,-10.3022660560209,0.5696715511252133,0.199538147346711,133.0433453737149
2019,5,24,13,36,35.4081,8.399999999999999,-999,1.2365937124911677,-10.6774650308975,0.5696715511252133,0.20179972702865,133.64351208669075
2019,5,24,13,37,35.4081,8.399999999999999,-999,1.2365937124911677,-12.4989949392499,0.5696715511252133,0.204061306710589,134.24367879966658
2019,5,24,13,38,35.4081,8.399999999999999,-999,1.2365937124911677,-17.8544140898875,0.5696715511252133,0.206322886392528,134.8438455126424
2019,5,24,13,39,35.4081,8.399999999999999,-999,1.2365937124911677,-16.5686615262576,0.5696715511252133,0.208584466074467,135.44401222561822
2019,5,24,13,40,35.4081,8.399999999999999,-999,1.2365937124911677,-16.2726360525498,0.5696715511252133,0.210846045756406,136.04417893859406
2019,5,24,13,41,35.4081,8.399999999999999,-999,1.2365937124911677,-13.6124752851111,0.5696715511252133,0.213107625438345,136.6443456515699
2019,5,24,13,42,35.4081,8.399999999999999,-999,1.2365937124911677,-13.5966497208789,0.5696715511252133,0.215369205120284,137.2445123645457
2019,5,24,13,43,35.4081,8.399999999999999,-999,1.2365937124911677,-11.8631596263357,0.5696715511252133,0.217630784802223,137.84467907752153
2019,5,24,13,44,35.4081,8.399999999999999,-999,1.2365937124911677,-14.1668015909406,0.5696715511252133,0.219892364484162,138.44484579049737
2019,5,24,13,45,35.4081,8.399999999999999,-999,1.2365937124911677,-10.9206562834882,0.5696715511252133,0.222153944166101,139.04501250347317
2019,5,24,13,46,35.4081,8.399999999999999,-999,1.2365937124911677,-14.1611820454184,0.5696715511252133,0.22441552384804,139.645179216449
2019,5,24,13,47,35.4081,8.399999999999999,-999,1.2365937124911677,-16.4443436777137,0.5696715511252133,0.226677103529979,140.24534592942484
2019,5,24,13,48,35.4081,8.399999999999999,-999,1.2365937124911677,-19.2976077587717,0.5696715511252133,0.228938683211918,140.84551264240068
2019,5,24,13,49,35.4081,8.399999999999999,-999,1.2365937124911677,-21.9301311448132,0.5696715511252133,0.231200262893857,141.44567935537648
2019,5,24,13,50,35.4081,8.399999999999999,-999,1.2365937124911677,-17.755635781019,0.5696715511252133,0.233461842575796,142.04584606835232
2019,5,24,13,51,35.4081,8.399999999999999,-999,1.2365937124911677,-18.0306048277671,0.5696715511252133,0.235723422257735,142.64601278132815
2019,5,24,13,52,35.4081,8.399999999999999,-999,1.2365937124911677,-15.6045842233243,0.5696715511252133,0.237985001939674,143.246179494304
2019,5,24,13,53,35.4081,8.399999999999999,-999,1.2365937124911677,-12.9450478019343,0.5696715511252133,0.240246581621613,143.8463462072798
2019,5,24,13,54,35.4081,8.399999999999999,-999,1.2365937124911677,-13.5185037905467,0.5696715511252133,0.242508161303552,144.44651292025563
2019,5,24,13,55,35.4081,8.399999999999999,-999,1.2365937124911677,-16.1253212134448,0.5696715511252133,0.244769740985491,145.04667963323146
2019,5,24,13,56,35.4081,8.399999999999999,-999,1.2365937124911677,-19.719421442025,0.5696715511252133,0.24703132066743,145.64684634620727
2019,5,24,13,57,35.4081,8.399999999999999,-999,1.2365937124911677,-16.8147345145918,0.5696715511252133,0.249292900349369,146.2470130591831
2019,5,24,13,58,35.4081,8.399999999999999,-999,1.2365937124911677,-15.3713048566066,0.5696715511252133,0.251554480031308,146.84717977215894
2019,5,24,13,59,35.4081,8.399999999999999,-999,1.2365937124911677,nan,0.5696715511252133,0.253816059713247,147.44734648513474
2019,5,24,14,0,35.4081,8.399999999999999,-999,1.2365937124911677,nan,0.5696715511252133,0.256077639395186,148.04751319811058
2019,5,24,14,1,35.4081,8.399999999999999,-999,1.2365937124911677,nan,0.5696715511252133,0.258339219077125,148.6476799110864
2019,5,24,14,2,35.4081,8.399999999999999,-999,1.2365937124911677,nan,0.5696715511252133,0.260600798759064,149.24784662406225
2019,5,24,14,3,35.4081,8.399999999999999,-999,1.2365937124911677,nan,0.5696715511252133,0.262862378441003,149.84801333703805
2019,5,24,14,4,35.4081,8.399999999999999,-999,1.2365937124911677,nan,0.5696715511252133,0.265123958122942,150.4481800500139
2019,5,24,14,5,35.4081,8.399999999999999,-999,1.2365937124911677,nan,0.5696715511252133,0.267385537804881,151.04834676298972
2019,5,24,14,6,35.4081,8.399999999999999,-999,1.2365937124911677,nan,0.5696715511252133,0.26964711748682,151.64851347596556
2019,5,24,14,7,35.4081,8.399999999999999,-999,1.2365937124911677,nan,0.5696715511252133,0.271908697168759,152.24868018894136
2019,5,24,14,8,35.4081,8.399999999999999,-999,1.2365937124911677,nan,0.5696715511252133,0.274170276850697,152.8488469019172
2019,5,24,14,9,35.4081,8.399999999999999,-999,1.2365937124911677,nan,0.5696715511252133,0.276431856532636,153.44901361489303
2019,5,24,14,10,35.4081,8.399999999999999,-999,1.2365937124911677,nan,0.5696715511252133,0.278693436214575,154.04918032786884
2019,5,24,14,11,35.4081,8.399999999999999,-999,1.2365937124911677,nan,0.5696715511252133,0.280955015896514,154.64934704084467
2019,5,24,14,12,35.4081,8.399999999999999,-999,1.2365937124911677,nan,0.5696715511252133,0.283216595578453,155.2495137538205
2019,5,24,14,13,35.4081,8.399999999999999,-999,1.2365937124911677,nan,0.5696715511252133,0.285478175260392,155.84968046679634
2019,5,24,14,14,35.4081,8.399999999999999,-999,1.2365937124911677,nan,0.5696715511252133,0.287739754942331,156.44984717977215
2019,5,24,14,15,35.4081,8.399999999999999,-999,1.2365937124911677,nan,0.5696715511252133,0.290275465494808,156.98332870241734
2019,5,24,14,16,35.4081,8.399999999999999,-999,1.2365937124911677,nan,0.5696715511252133,0.295826615623204,156.7832731314254
2019,5,24,14,17,35.4081,8.399999999999999,-999,1.2365937124911677,nan,0.5696715511252133,0.3013777657516,156.58321756043347
2019,5,24,14,18,35.4081,8.399999999999999,-999,1.2365937124911677,nan,0.5696715511252133,0.306928915879995,156.3831619894415
2019,5,24,14,19,35.4081,8.399999999999999,-999,1.2365937124911677,nan,0.5696715511252133,0.312480066008391,156.18310641844957
2019,5,24,14,20,35.4081,8.399999999999999,-999,1.2365937124911677,nan,0.5696715511252133,0.318031216136787,155.98305084745763
2019,5,24,14,21,35.4081,8.399999999999999,-999,1.2365937124911677,nan,0.5696715511252133,0.323582366265182,155.7829952764657
2019,5,24,14,22,35.4081,8.399999999999999,-999,1.2365937124911677,nan,0.5696715511252133,0.329133516393578,155.58293970547373
2019,5,24,14,23,35.4081,8.399999999999999,-999,1.2365937124911677,nan,0.5696715511252133,0.334684666521974,155.3828841344818
2019,5,24,14,24,35.4081,8.399999999999999,-999,1.2365937124911677,nan,0.5696715511252133,0.340235816650369,155.18282856348986
2019,5,24,14,25,35.4081,8.399999999999999,-999,1.2365937124911677,nan,0.5696715511252133,0.345786966778765,154.98277299249793
2019,5,24,14,26,35.4081,8.399999999999999,-999,1.2365937124911677,nan,0.5696715511252133,0.351338116907161,154.78271742150596
2019,5,24,14,27,35.4081,8.399999999999999,-999,1.2365937124911677,nan,0.5696715511252133,0.356889267035556,154.58266185051403
2019,5,24,14,28,35.4081,8.399999999999999,-999,1.2365937124911677,nan,0.5696715511252133,0.362440417163952,154.3826062795221
2019,5,24,14,29,35.4081,8.399999999999999,-999,1.2365937124911677,nan,0.5696715511252133,0.367991567292348,154.18255070853016
2019,5,24,14,30,35.4081,8.399999999999999,-999,1.2365937124911677,nan,0.5696715511252133,0.373542717420743,153.9824951375382
2019,5,24,14,31,35.4081,8.399999999999999,-999,1.2365937124911677,nan,0.5696715511252133,0.379093867549139,153.78243956654626
2019,5,24,14,32,35.4081,8.399999999999999,-999,1.2365937124911677,nan,0.5696715511252133,0.384645017677535,153.58238399555432
2019,5,24,14,33,35.4081,8.399999999999999,-999,1.2365937124911677,nan,0.5696715511252133,0.39019616780593,153.3823284245624
2019,5,24,14,34,35.4081,8.399999999999999,-999,1.2365937124911677,nan,0.5696715511252133,0.395747317934326,153.18227285357042
2019,5,24,14,35,35.4081,8.399999999999999,-999,1.2365937124911677,-67.0726074760111,0.5696715511252133,0.401298468062722,152.9822172825785
2019,5,24,14,36,35.4081,8.399999999999999,-999,1.2365937124911677,-51.3951985552675,0.5696715511252133,0.406849618191117,152.78216171158655
2019,5,24,14,37,35.4081,8.399999999999999,-999,1.2365937124911677,-45.2564229842437,0.5696715511252133,0.412400768319513,152.58210614059462
2019,5,24,14,38,35.4081,8.399999999999999,-999,1.2365937124911677,-47.368452792653,0.5696715511252133,0.417951918447909,152.38205056960265
2019,5,24,14,39,35.4081,8.399999999999999,-999,1.2365937124911677,-51.6701749686758,0.5696715511252133,0.423503068576304,152.18199499861072
2019,5,24,14,40,35.4081,8.399999999999999,-999,1.2365937124911677,-56.7677600078295,0.5696715511252133,0.4290542187047,151.98193942761878
